"date","adult_icu_crci_patients","adult_icu_non_crci_patients","available_adult_icu_beds","total_adult_icu_patients","total_adult_icu_beds","ped_icu_crci_patients","ped_icu_non_crci_patients","available_ped_icu_beds","total_ped_icu_patients","total_ped_icu_beds"
"2020-05-01",236,1210,566,1446,2012,0,56,33,56,89
"2020-05-02",246,1211,555,1457,2012,0,54,35,54,89
"2020-05-03",243,1197,572,1440,2012,0,56,33,56,89
"2020-05-04",243,1252,517,1495,2012,0,59,30,59,89
"2020-05-05",240,1247,525,1487,2012,0,56,33,56,89
"2020-05-06",234,1195,583,1429,2012,0,48,41,48,89
"2020-05-07",230,1194,588,1424,2012,0,54,35,54,89
"2020-05-08",218,1189,605,1407,2012,0,55,34,55,89
"2020-05-09",211,1206,595,1417,2012,0,50,39,50,89
"2020-05-10",215,1188,609,1403,2012,0,44,45,44,89
"2020-05-11",211,1260,541,1471,2012,0,51,38,51,89
"2020-05-12",207,1280,525,1487,2012,0,62,27,62,89
"2020-05-13",201,1285,526,1486,2012,0,50,39,50,89
"2020-05-14",194,1284,534,1478,2012,0,56,33,56,89
"2020-05-15",196,1273,543,1469,2012,0,59,30,59,89
"2020-05-16",188,1236,588,1424,2012,0,54,35,54,89
"2020-05-17",190,1219,603,1409,2012,0,50,39,50,89
"2020-05-18",192,1238,582,1430,2012,0,46,43,46,89
"2020-05-19",185,1281,546,1466,2012,0,46,43,46,89
"2020-05-20",181,1297,534,1478,2012,0,48,41,48,89
"2020-05-21",176,1282,554,1458,2012,0,51,38,51,89
"2020-05-22",175,1296,541,1471,2012,0,55,34,55,89
"2020-05-23",176,1328,508,1504,2012,0,53,36,53,89
"2020-05-24",175,1306,531,1481,2012,0,52,37,52,89
"2020-05-25",172,1369,471,1541,2012,0,51,38,51,89
"2020-05-26",173,1347,492,1520,2012,0,52,37,52,89
"2020-05-27",163,1399,450,1562,2012,0,55,34,55,89
"2020-05-28",159,1373,480,1532,2012,0,59,30,59,89
"2020-05-29",155,1344,513,1499,2012,0,55,34,55,89
"2020-05-30",156,1287,569,1443,2012,0,51,38,51,89
"2020-05-31",161,1281,570,1442,2012,0,51,38,51,89
"2020-06-01",160,1356,496,1516,2012,0,54,35,54,89
"2020-06-02",158,1370,484,1528,2012,0,51,38,51,89
"2020-06-03",152,1348,512,1500,2012,0,54,35,54,89
"2020-06-04",149,1361,502,1510,2012,0,55,34,55,89
"2020-06-05",146,1363,503,1509,2012,0,59,30,59,89
"2020-06-06",142,1348,522,1490,2012,0,54,35,54,89
"2020-06-07",143,1329,540,1472,2012,0,54,35,54,89
"2020-06-08",141,1386,485,1527,2012,0,57,32,57,89
"2020-06-09",144,1392,476,1536,2012,0,59,30,59,89
"2020-06-10",145,1419,448,1564,2012,0,48,41,48,89
"2020-06-11",140,1365,507,1505,2012,0,50,39,50,89
"2020-06-12",136,1359,517,1495,2012,0,46,43,46,89
"2020-06-13",128,1345,539,1473,2012,0,50,39,50,89
"2020-06-14",129,1321,562,1450,2012,0,47,42,47,89
"2020-06-15",126,1368,518,1494,2012,0,48,41,48,89
"2020-06-16",118,1422,472,1540,2012,0,53,36,53,89
"2020-06-17",111,1466,435,1577,2012,0,51,38,51,89
"2020-06-18",108,1451,453,1559,2012,0,49,40,49,89
"2020-06-19",108,1452,452,1560,2012,0,47,42,47,89
"2020-06-20",114,1423,475,1537,2012,0,44,45,44,89
"2020-06-21",107,1389,516,1496,2012,0,45,44,45,89
"2020-06-22",106,1441,465,1547,2012,0,45,44,45,89
"2020-06-23",101,1463,448,1564,2012,0,46,43,46,89
"2020-06-24",96,1429,487,1525,2012,1,46,42,47,89
"2020-06-25",90,1422,500,1512,2012,1,52,36,53,89
"2020-06-26",85,1404,523,1489,2012,1,50,38,51,89
"2020-06-27",85,1406,521,1491,2012,1,42,46,43,89
"2020-06-28",81,1439,492,1520,2012,1,42,46,43,89
"2020-06-29",73,1471,468,1544,2012,1,47,41,48,89
"2020-06-30",69,1450,493,1519,2012,1,49,39,50,89
"2020-07-01",70,1395,547,1465,2012,1,43,45,44,89
"2020-07-02",70,1412,530,1482,2012,0,47,42,47,89
"2020-07-03",69,1405,538,1474,2012,0,51,38,51,89
"2020-07-04",67,1412,533,1479,2012,0,43,46,43,89
"2020-07-05",64,1459,489,1523,2012,0,44,45,44,89
"2020-07-06",61,1509,442,1570,2012,0,44,45,44,89
"2020-07-07",61,1548,403,1609,2012,0,47,42,47,89
"2020-07-08",58,1521,433,1579,2012,0,50,39,50,89
"2020-07-09",60,1514,438,1574,2012,0,48,41,48,89
"2020-07-10",57,1473,482,1530,2012,0,46,43,46,89
"2020-07-11",55,1456,501,1511,2012,0,42,47,42,89
"2020-07-12",53,1478,481,1531,2012,0,42,47,42,89
"2020-07-13",55,1500,457,1555,2012,0,56,33,56,89
"2020-07-14",55,1533,424,1588,2012,0,48,41,48,89
"2020-07-15",50,1512,450,1562,2012,0,45,44,45,89
"2020-07-16",52,1511,449,1563,2012,0,51,38,51,89
"2020-07-17",53,1493,466,1546,2012,0,50,39,50,89
"2020-07-18",53,1469,490,1522,2012,0,45,44,45,89
"2020-07-19",55,1462,495,1517,2012,0,42,47,42,89
"2020-07-20",55,1502,455,1557,2012,0,51,38,51,89
"2020-07-21",57,1504,451,1561,2012,0,51,38,51,89
"2020-07-22",55,1500,457,1555,2012,0,49,40,49,89
"2020-07-23",50,1472,490,1522,2012,0,46,43,46,89
"2020-07-24",47,1482,483,1529,2012,0,46,43,46,89
"2020-07-25",46,1451,515,1497,2012,0,39,50,39,89
"2020-07-26",47,1453,512,1500,2012,0,42,47,42,89
"2020-07-27",45,1542,425,1587,2012,1,41,47,42,89
"2020-07-28",42,1536,434,1578,2012,1,45,43,46,89
"2020-07-29",38,1541,433,1579,2012,1,48,40,49,89
"2020-07-30",40,1514,458,1554,2012,1,49,39,50,89
"2020-07-31",39,1500,473,1539,2012,1,47,41,48,89
"2020-08-01",41,1448,523,1489,2012,0,43,46,43,89
"2020-08-02",40,1435,537,1475,2012,0,34,55,34,89
"2020-08-03",40,1482,490,1522,2012,0,35,54,35,89
"2020-08-04",41,1542,429,1583,2012,0,38,51,38,89
"2020-08-05",38,1529,445,1567,2012,0,45,44,45,89
"2020-08-06",38,1526,448,1564,2012,0,51,38,51,89
"2020-08-07",38,1501,473,1539,2012,0,49,40,49,89
"2020-08-08",38,1475,499,1513,2012,0,45,44,45,89
"2020-08-09",37,1482,493,1519,2012,0,41,48,41,89
"2020-08-10",34,1541,437,1575,2012,0,43,46,43,89
"2020-08-11",33,1545,434,1578,2012,0,49,40,49,89
"2020-08-12",31,1512,469,1543,2012,0,47,42,47,89
"2020-08-13",28,1482,502,1510,2012,0,46,43,46,89
"2020-08-14",29,1491,492,1520,2012,0,48,41,48,89
"2020-08-15",30,1502,480,1532,2012,0,37,52,37,89
"2020-08-16",28,1515,469,1543,2012,0,41,48,41,89
"2020-08-17",26,1552,434,1578,2012,0,46,43,46,89
"2020-08-18",26,1566,420,1592,2012,0,50,39,50,89
"2020-08-19",27,1541,444,1568,2012,0,46,43,46,89
"2020-08-20",26,1554,432,1580,2012,0,46,43,46,89
"2020-08-21",25,1538,449,1563,2012,0,45,44,45,89
"2020-08-22",21,1503,488,1524,2012,0,37,52,37,89
"2020-08-23",23,1526,463,1549,2012,0,43,46,43,89
"2020-08-24",24,1590,398,1614,2012,0,41,48,41,89
"2020-08-25",24,1592,396,1616,2012,0,42,47,42,89
"2020-08-26",26,1573,413,1599,2012,0,49,40,49,89
"2020-08-27",25,1556,431,1581,2012,0,53,36,53,89
"2020-08-28",28,1528,456,1556,2012,0,52,37,52,89
"2020-08-29",30,1551,431,1581,2012,0,46,43,46,89
"2020-08-30",29,1523,460,1552,2012,0,47,42,47,89
"2020-08-31",29,1524,459,1553,2012,0,51,38,51,89
"2020-09-01",21,1560,431,1581,2012,0,48,41,48,89
"2020-09-02",20,1512,480,1532,2012,0,53,36,53,89
"2020-09-03",24,1517,471,1541,2012,0,50,39,50,89
"2020-09-04",23,1522,467,1545,2012,0,53,36,53,89
"2020-09-05",24,1524,464,1548,2012,0,48,41,48,89
"2020-09-06",24,1518,470,1542,2012,0,44,45,44,89
"2020-09-07",25,1534,453,1559,2012,0,45,44,45,89
"2020-09-08",24,1562,426,1586,2012,0,51,38,51,89
"2020-09-09",23,1591,398,1614,2012,0,59,30,59,89
"2020-09-10",25,1575,412,1600,2012,0,60,29,60,89
"2020-09-11",18,1548,446,1566,2012,0,50,39,50,89
"2020-09-12",20,1532,460,1552,2012,0,43,46,43,89
"2020-09-13",23,1543,446,1566,2012,1,46,42,47,89
"2020-09-14",25,1586,401,1611,2012,1,52,36,53,89
"2020-09-15",27,1600,385,1627,2012,1,59,29,60,89
"2020-09-16",27,1589,396,1616,2012,1,56,32,57,89
"2020-09-17",27,1588,397,1615,2012,1,54,34,55,89
"2020-09-18",28,1572,412,1600,2012,1,55,33,56,89
"2020-09-19",31,1559,422,1590,2012,0,44,45,44,89
"2020-09-20",30,1536,446,1566,2012,0,44,45,44,89
"2020-09-21",30,1585,397,1615,2012,0,50,39,50,89
"2020-09-22",30,1616,366,1646,2012,0,47,42,47,89
"2020-09-23",33,1606,373,1639,2012,0,46,43,46,89
"2020-09-24",31,1606,375,1637,2012,0,50,39,50,89
"2020-09-25",34,1605,373,1639,2012,0,46,43,46,89
"2020-09-26",34,1571,407,1605,2012,0,45,44,45,89
"2020-09-27",35,1567,410,1602,2012,0,46,43,46,89
"2020-09-28",34,1631,347,1665,2012,0,48,41,48,89
"2020-09-29",39,1624,349,1663,2012,0,52,37,52,89
"2020-09-30",41,1625,346,1666,2012,0,58,31,58,89
"2020-10-01",44,1623,345,1667,2012,0,57,32,57,89
"2020-10-02",47,1570,395,1617,2012,0,56,33,56,89
"2020-10-03",48,1539,425,1587,2012,0,55,34,55,89
"2020-10-04",48,1579,385,1627,2012,0,49,40,49,89
"2020-10-05",45,1611,356,1656,2012,0,55,34,55,89
"2020-10-06",48,1623,341,1671,2012,0,58,31,58,89
"2020-10-07",53,1618,341,1671,2012,0,58,31,58,89
"2020-10-08",52,1580,384,1632,2016,0,53,36,53,89
"2020-10-09",53,1551,412,1604,2016,0,54,35,54,89
"2020-10-10",57,1497,462,1554,2016,0,47,42,47,89
"2020-10-11",58,1489,469,1547,2016,0,47,42,47,89
"2020-10-12",65,1519,432,1584,2016,0,37,52,37,89
"2020-10-13",68,1517,431,1585,2016,0,40,49,40,89
"2020-10-14",67,1587,364,1654,2018,0,53,36,53,89
"2020-10-15",72,1579,367,1651,2018,0,57,32,57,89
"2020-10-16",77,1557,384,1634,2018,0,51,38,51,89
"2020-10-17",76,1565,377,1641,2018,0,48,41,48,89
"2020-10-18",74,1575,412,1649,2061,0,49,40,49,89
"2020-10-19",77,1579,405,1656,2061,0,51,38,51,89
"2020-10-20",76,1620,365,1696,2061,0,58,31,58,89
"2020-10-21",83,1604,374,1687,2061,0,55,34,55,89
"2020-10-22",87,1548,426,1635,2061,0,58,31,58,89
"2020-10-23",90,1548,423,1638,2061,0,42,47,42,89
"2020-10-24",86,1553,422,1639,2061,0,43,46,43,89
"2020-10-25",85,1553,423,1638,2061,0,37,52,37,89
"2020-10-26",82,1588,391,1670,2061,0,37,52,37,89
"2020-10-27",79,1618,364,1697,2061,0,47,42,47,89
"2020-10-28",85,1592,384,1677,2061,1,50,38,51,89
"2020-10-29",84,1608,369,1692,2061,2,49,38,51,89
"2020-10-30",82,1573,406,1655,2061,1,51,37,52,89
"2020-10-31",81,1555,425,1636,2061,1,43,45,44,89
"2020-11-01",85,1599,377,1684,2061,1,41,47,42,89
"2020-11-02",85,1629,347,1714,2061,0,48,41,48,89
"2020-11-03",85,1611,365,1696,2061,0,51,38,51,89
"2020-11-04",97,1592,419,1689,2108,0,54,39,54,93
"2020-11-05",97,1601,410,1698,2108,0,53,40,53,93
"2020-11-06",101,1576,431,1677,2108,0,53,40,53,93
"2020-11-07",99,1554,455,1653,2108,0,51,42,51,93
"2020-11-08",96,1566,460,1662,2122,0,49,44,49,93
"2020-11-09",93,1610,419,1703,2122,0,43,50,43,93
"2020-11-10",98,1626,398,1724,2122,1,53,39,54,93
"2020-11-11",107,1605,410,1712,2122,0,53,40,53,93
"2020-11-12",113,1562,447,1675,2122,1,56,36,57,93
"2020-11-13",115,1547,460,1662,2122,1,53,39,54,93
"2020-11-14",126,1565,431,1691,2122,1,48,44,49,93
"2020-11-15",133,1556,433,1689,2122,1,45,47,46,93
"2020-11-16",136,1580,412,1716,2128,1,56,36,57,93
"2020-11-17",136,1590,402,1726,2128,1,56,36,57,93
"2020-11-18",153,1584,391,1737,2128,1,64,28,65,93
"2020-11-19",150,1536,443,1686,2129,1,58,34,59,93
"2020-11-20",152,1516,461,1668,2129,1,58,34,59,93
"2020-11-21",153,1499,477,1652,2129,1,58,34,59,93
"2020-11-22",162,1488,479,1650,2129,1,58,34,59,93
"2020-11-23",165,1519,445,1684,2129,1,61,31,62,93
"2020-11-24",165,1538,426,1703,2129,1,64,28,65,93
"2020-11-25",156,1549,424,1705,2129,0,61,32,61,93
"2020-11-26",159,1567,403,1726,2129,0,59,34,59,93
"2020-11-27",160,1507,462,1667,2129,0,56,37,56,93
"2020-11-28",165,1525,439,1690,2129,0,59,34,59,93
"2020-11-29",177,1513,439,1690,2129,0,56,37,56,93
"2020-11-30",193,1549,394,1742,2136,0,61,32,61,93
"2020-12-01",190,1555,391,1745,2136,0,62,31,62,93
"2020-12-02",205,1516,415,1721,2136,1,58,34,59,93
"2020-12-03",216,1493,427,1709,2136,1,51,41,52,93
"2020-12-04",213,1476,447,1689,2136,0,49,44,49,93
"2020-12-05",216,1473,447,1689,2136,0,51,42,51,93
"2020-12-06",226,1463,447,1689,2136,0,49,44,49,93
"2020-12-07",232,1484,420,1716,2136,0,55,38,55,93
"2020-12-08",231,1500,405,1731,2136,2,59,32,61,93
"2020-12-09",240,1495,401,1735,2136,1,54,38,55,93
"2020-12-10",250,1495,391,1745,2136,1,53,39,54,93
"2020-12-11",252,1464,420,1716,2136,1,55,37,56,93
"2020-12-12",269,1438,429,1707,2136,2,51,40,53,93
"2020-12-13",262,1428,446,1690,2136,2,52,39,54,93
"2020-12-14",267,1498,371,1765,2136,2,54,37,56,93
"2020-12-15",275,1482,379,1757,2136,2,61,30,63,93
"2020-12-16",280,1487,369,1767,2136,2,65,26,67,93
"2020-12-17",277,1473,386,1750,2136,1,60,32,61,93
"2020-12-18",270,1486,380,1756,2136,1,62,30,63,93
"2020-12-19",276,1426,434,1702,2136,1,56,36,57,93
"2020-12-20",278,1411,447,1689,2136,2,54,37,56,93
"2020-12-21",287,1425,424,1712,2136,1,55,37,56,93
"2020-12-22",291,1384,461,1675,2136,0,56,37,56,93
"2020-12-23",297,1341,498,1638,2136,0,54,39,54,93
"2020-12-24",298,1286,552,1584,2136,0,46,47,46,93
"2020-12-25",307,1253,576,1560,2136,0,46,47,46,93
"2020-12-26",303,1297,536,1600,2136,0,45,48,45,93
"2020-12-27",314,1306,516,1620,2136,1,45,47,46,93
"2020-12-28",323,1362,451,1685,2136,1,45,47,46,93
"2020-12-29",341,1371,424,1712,2136,1,44,48,45,93
"2020-12-30",353,1364,419,1717,2136,1,47,45,48,93
"2020-12-31",353,1287,496,1640,2136,2,45,46,47,93
"2021-01-01",342,1293,501,1635,2136,2,43,48,45,93
"2021-01-02",350,1312,474,1662,2136,2,43,48,45,93
"2021-01-03",353,1317,466,1670,2136,2,46,45,48,93
"2021-01-04",373,1349,414,1722,2136,2,50,41,52,93
"2021-01-05",378,1385,373,1763,2136,3,57,33,60,93
"2021-01-06",379,1422,335,1801,2136,3,60,30,63,93
"2021-01-07",390,1378,368,1768,2136,4,57,32,61,93
"2021-01-08",406,1353,377,1759,2136,3,65,25,68,93
"2021-01-09",409,1321,406,1730,2136,2,51,40,53,93
"2021-01-10",411,1345,380,1756,2136,1,45,47,46,93
"2021-01-11",411,1372,353,1783,2136,0,50,43,50,93
"2021-01-12",408,1408,320,1816,2136,1,48,44,49,93
"2021-01-13",413,1391,332,1804,2136,0,52,41,52,93
"2021-01-14",412,1378,346,1790,2136,1,57,35,58,93
"2021-01-15",421,1391,324,1812,2136,0,51,42,51,93
"2021-01-16",415,1367,354,1782,2136,0,50,43,50,93
"2021-01-17",416,1358,362,1774,2136,0,54,39,54,93
"2021-01-18",420,1360,370,1780,2150,0,48,45,48,93
"2021-01-19",415,1372,363,1787,2150,1,50,42,51,93
"2021-01-20",408,1364,378,1772,2150,2,62,29,64,93
"2021-01-21",405,1378,367,1783,2150,1,50,42,51,93
"2021-01-22",417,1362,371,1779,2150,1,48,44,49,93
"2021-01-23",412,1344,394,1756,2150,1,47,45,48,93
"2021-01-24",417,1325,408,1742,2150,1,48,44,49,93
"2021-01-25",404,1361,385,1765,2150,1,52,40,53,93
"2021-01-26",400,1380,370,1780,2150,0,57,36,57,93
"2021-01-27",386,1363,401,1749,2150,0,54,39,54,93
"2021-01-28",391,1376,383,1767,2150,0,56,37,56,93
"2021-01-29",385,1341,424,1726,2150,0,52,41,52,93
"2021-01-30",384,1328,438,1712,2150,1,47,45,48,93
"2021-01-31",382,1298,470,1680,2150,1,51,41,52,93
"2021-02-01",368,1383,400,1751,2151,1,52,40,53,93
"2021-02-02",366,1417,368,1783,2151,2,55,36,57,93
"2021-02-03",355,1441,592,1796,2388,1,58,34,59,93
"2021-02-04",358,1432,598,1790,2388,1,53,39,54,93
"2021-02-05",363,1454,571,1817,2388,1,52,40,53,93
"2021-02-06",371,1404,613,1775,2388,1,49,43,50,93
"2021-02-07",369,1423,623,1792,2415,1,50,42,51,93
"2021-02-08",349,1443,619,1792,2411,0,54,39,54,93
"2021-02-09",340,1464,607,1804,2411,1,44,48,45,93
"2021-02-10",330,1444,637,1774,2411,1,47,45,48,93
"2021-02-11",327,1475,609,1802,2411,1,50,42,51,93
"2021-02-12",321,1457,633,1778,2411,1,53,39,54,93
"2021-02-13",328,1418,665,1746,2411,1,46,46,47,93
"2021-02-14",330,1386,695,1716,2411,1,46,46,47,93
"2021-02-15",331,1438,642,1769,2411,2,45,46,47,93
"2021-02-16",332,1474,605,1806,2411,2,52,39,54,93
"2021-02-17",315,1459,637,1774,2411,1,53,39,54,93
"2021-02-18",306,1472,497,1778,2275,1,65,27,66,93
"2021-02-19",293,1462,520,1755,2275,1,58,34,59,93
"2021-02-20",306,1439,530,1745,2275,1,52,40,53,93
"2021-02-21",309,1417,549,1726,2275,1,55,37,56,93
"2021-02-22",312,1477,486,1789,2275,1,60,32,61,93
"2021-02-23",315,1495,465,1810,2275,1,57,35,58,93
"2021-02-24",312,1487,476,1799,2275,1,58,34,59,93
"2021-02-25",317,1477,481,1794,2275,0,63,30,63,93
"2021-02-26",308,1496,471,1804,2275,0,65,28,65,93
"2021-02-27",321,1489,465,1810,2275,1,56,36,57,93
"2021-02-28",310,1451,514,1761,2275,1,50,42,51,93
"2021-03-01",310,1506,459,1816,2275,0,54,39,54,93
"2021-03-02",301,1496,478,1797,2275,0,62,31,62,93
"2021-03-03",306,1478,491,1784,2275,0,63,30,63,93
"2021-03-04",312,1483,489,1795,2284,0,55,38,55,93
"2021-03-05",312,1458,514,1770,2284,0,53,40,53,93
"2021-03-06",308,1403,573,1711,2284,0,53,40,53,93
"2021-03-07",318,1381,585,1699,2284,0,53,40,53,93
"2021-03-08",326,1447,511,1773,2284,0,64,29,64,93
"2021-03-09",309,1476,499,1785,2284,0,68,25,68,93
"2021-03-10",308,1509,467,1817,2284,0,63,30,63,93
"2021-03-11",314,1474,532,1788,2320,0,64,29,64,93
"2021-03-12",308,1435,571,1743,2314,0,59,34,59,93
"2021-03-13",316,1422,576,1738,2314,0,57,36,57,93
"2021-03-14",329,1431,554,1760,2314,0,47,46,47,93
"2021-03-15",325,1415,574,1740,2314,0,52,41,52,93
"2021-03-16",334,1440,545,1774,2319,0,57,36,57,93
"2021-03-17",341,1442,536,1783,2319,0,55,38,55,93
"2021-03-18",345,1449,525,1794,2319,1,52,40,53,93
"2021-03-19",334,1435,550,1769,2319,1,57,35,58,93
"2021-03-20",340,1409,570,1749,2319,0,50,43,50,93
"2021-03-21",331,1417,571,1748,2319,0,53,40,53,93
"2021-03-22",355,1454,510,1809,2319,2,61,30,63,93
"2021-03-23",362,1433,524,1795,2319,1,61,31,62,93
"2021-03-24",360,1449,510,1809,2319,0,54,39,54,93
"2021-03-25",384,1487,448,1871,2319,0,57,36,57,93
"2021-03-26",392,1373,554,1765,2319,0,54,39,54,93
"2021-03-27",392,1380,547,1772,2319,1,44,48,45,93
"2021-03-28",408,1378,533,1786,2319,1,43,49,44,93
"2021-03-29",411,1408,500,1819,2319,0,53,40,53,93
"2021-03-30",424,1399,496,1823,2319,0,51,42,51,93
"2021-03-31",433,1388,498,1821,2319,0,55,38,55,93
"2021-04-01",435,1385,505,1820,2325,0,57,36,57,93
"2021-04-02",451,1331,543,1782,2325,0,59,34,59,93
"2021-04-03",476,1322,527,1798,2325,0,54,39,54,93
"2021-04-04",493,1307,525,1800,2325,0,56,37,56,93
"2021-04-05",509,1299,517,1808,2325,0,47,46,47,93
"2021-04-06",503,1339,483,1842,2325,0,55,38,55,93
"2021-04-07",523,1317,483,1840,2323,1,52,40,53,93
"2021-04-08",549,1320,435,1869,2304,2,55,36,57,93
"2021-04-09",580,1267,457,1847,2304,4,52,37,56,93
"2021-04-10",597,1254,453,1851,2304,7,46,40,53,93
"2021-04-11",611,1246,447,1857,2304,7,47,39,54,93
"2021-04-12",617,1275,412,1892,2304,8,53,32,61,93
"2021-04-13",632,1259,413,1891,2304,9,49,35,58,93
"2021-04-14",649,1226,429,1875,2304,9,49,35,58,93
"2021-04-15",690,1201,406,1891,2297,10,51,32,61,93
"2021-04-16",715,1197,385,1912,2297,10,51,32,61,93
"2021-04-17",733,1167,397,1900,2297,7,48,38,55,93
"2021-04-18",748,1157,400,1905,2305,6,48,39,54,93
"2021-04-19",764,1157,384,1921,2305,8,47,38,55,93
"2021-04-20",782,1146,377,1928,2305,7,54,32,61,93
"2021-04-21",796,1114,395,1910,2305,9,56,28,65,93
"2021-04-22",808,1096,434,1904,2338,9,48,36,57,93
"2021-04-23",824,1106,412,1930,2342,8,44,41,52,93
"2021-04-24",841,1119,382,1960,2342,9,40,44,49,93
"2021-04-25",865,1075,402,1940,2342,11,40,42,51,93
"2021-04-26",862,1102,378,1964,2342,12,47,34,59,93
"2021-04-27",865,1109,368,1974,2342,10,51,32,61,93
"2021-04-28",872,1103,367,1975,2342,10,52,31,62,93
"2021-04-29",870,1091,381,1961,2342,11,57,25,68,93
"2021-04-30",889,1085,368,1974,2342,9,50,34,59,93
"2021-05-01",885,1065,604,1950,2554,8,47,38,55,93
"2021-05-02",879,1101,574,1980,2554,8,48,37,56,93
"2021-05-03",874,1146,534,2020,2554,10,52,31,62,93
"2021-05-04",870,1168,516,2038,2554,10,44,39,54,93
"2021-05-05",865,1131,558,1996,2554,10,49,34,59,93
"2021-05-06",844,1128,582,1972,2554,12,49,32,61,93
"2021-05-07",836,1118,600,1954,2554,13,44,36,57,93
"2021-05-08",833,1135,586,1968,2554,13,44,36,57,93
"2021-05-09",813,1165,576,1978,2554,13,42,38,55,93
"2021-05-10",790,1187,577,1977,2554,10,46,37,56,93
"2021-05-11",765,1203,586,1968,2554,9,42,42,51,93
"2021-05-12",767,1214,573,1981,2554,7,40,46,47,93
"2021-05-13",767,1196,591,1963,2554,9,47,37,56,93
"2021-05-14",774,1188,592,1962,2554,10,46,37,56,93
"2021-05-15",773,1173,608,1946,2554,11,42,40,53,93
"2021-05-16",769,1199,586,1968,2554,10,40,43,50,93
"2021-05-17",756,1249,549,2005,2554,8,41,44,49,93
"2021-05-18",727,1253,574,1980,2554,8,47,38,55,93
"2021-05-19",712,1275,567,1987,2554,9,53,31,62,93
"2021-05-20",707,1302,545,2009,2554,8,50,35,58,93
"2021-05-21",700,1281,573,1981,2554,6,51,36,57,93
"2021-05-22",686,1261,607,1947,2554,7,41,45,48,93
"2021-05-23",680,1267,607,1947,2554,7,37,49,44,93
"2021-05-24",683,1280,591,1963,2554,9,37,47,46,93
"2021-05-25",664,1300,590,1964,2554,8,49,36,57,93
"2021-05-26",643,1318,593,1961,2554,7,52,34,59,93
"2021-05-27",639,1292,623,1931,2554,6,53,34,59,93
"2021-05-28",620,1274,660,1894,2554,6,46,41,52,93
"2021-05-29",608,1264,682,1872,2554,6,49,38,55,93
"2021-05-30",612,1305,637,1917,2554,5,49,39,54,93
"2021-05-31",578,1333,643,1911,2554,5,53,35,58,93
"2021-06-01",570,1331,653,1901,2554,6,49,38,55,93
"2021-06-02",539,1325,690,1864,2554,7,53,33,60,93
"2021-06-03",515,1343,696,1858,2554,7,57,29,64,93
"2021-06-04",509,1334,711,1843,2554,7,48,38,55,93
"2021-06-05",503,1294,757,1797,2554,7,41,45,48,93
"2021-06-06",490,1277,787,1767,2554,7,43,43,50,93
"2021-06-07",475,1338,741,1813,2554,6,50,37,56,93
"2021-06-08",461,1361,732,1822,2554,5,46,42,51,93
"2021-06-09",446,1342,766,1788,2554,4,49,40,53,93
"2021-06-10",436,1338,780,1774,2554,4,56,33,60,93
"2021-06-11",419,1350,785,1769,2554,3,54,36,57,93
"2021-06-12",423,1302,829,1725,2554,3,50,40,53,93
"2021-06-13",406,1302,846,1708,2554,3,47,43,50,93
"2021-06-14",379,1334,841,1713,2554,3,49,41,52,93
"2021-06-15",373,1346,835,1719,2554,4,55,34,59,93
"2021-06-16",358,1348,848,1706,2554,4,51,38,55,93
"2021-06-17",348,1361,845,1709,2554,4,53,36,57,93
"2021-06-18",331,1331,892,1662,2554,4,55,34,59,93
"2021-06-19",330,1310,914,1640,2554,3,54,36,57,93
"2021-06-20",320,1328,906,1648,2554,3,53,37,56,93
"2021-06-21",312,1387,855,1699,2554,2,49,42,51,93
"2021-06-22",303,1389,862,1692,2554,2,56,35,58,93
"2021-06-23",297,1385,872,1682,2554,3,56,34,59,93
"2021-06-24",281,1379,894,1660,2554,3,57,33,60,93
"2021-06-25",281,1372,901,1653,2554,5,55,33,60,93
"2021-06-26",285,1326,943,1611,2554,4,55,34,59,93
"2021-06-27",283,1340,931,1623,2554,4,58,31,62,93
"2021-06-28",273,1414,867,1687,2554,3,67,23,70,93
"2021-06-29",269,1437,848,1706,2554,2,75,16,77,93
"2021-06-30",253,1405,896,1658,2554,1,73,19,74,93
"2021-07-01",251,1398,905,1649,2554,1,68,24,69,93
"2021-07-02",242,1371,941,1613,2554,1,62,30,63,93
"2021-07-03",234,1376,944,1610,2554,1,63,29,64,93
"2021-07-04",227,1419,908,1646,2554,1,57,35,58,93
"2021-07-05",225,1461,868,1686,2554,1,63,29,64,93
"2021-07-06",219,1460,875,1679,2554,1,60,32,61,93
"2021-07-07",214,1443,897,1657,2554,1,54,38,55,93
"2021-07-08",201,1449,904,1650,2554,1,52,40,53,93
"2021-07-09",196,1412,946,1608,2554,1,61,31,62,93
"2021-07-10",201,1388,965,1589,2554,1,54,38,55,93
"2021-07-11",203,1437,914,1640,2554,1,56,36,57,93
"2021-07-12",191,1443,920,1634,2554,1,59,33,60,93
"2021-07-13",179,1475,900,1654,2554,1,60,32,61,93
"2021-07-14",167,1501,886,1668,2554,1,61,31,62,93
"2021-07-15",157,1464,933,1621,2554,1,62,30,63,93
"2021-07-16",148,1441,965,1589,2554,1,59,33,60,93
"2021-07-17",148,1445,961,1593,2554,2,52,39,54,93
"2021-07-18",149,1427,978,1576,2554,2,51,40,53,93
"2021-07-19",148,1478,928,1626,2554,1,53,39,54,93
"2021-07-20",144,1478,932,1622,2554,1,57,35,58,93
"2021-07-21",139,1487,928,1626,2554,2,59,32,61,93
"2021-07-22",135,1457,962,1592,2554,1,57,35,58,93
"2021-07-23",131,1452,971,1583,2554,1,52,40,53,93
"2021-07-24",126,1448,980,1574,2554,1,50,42,51,93
"2021-07-25",130,1448,976,1578,2554,1,50,42,51,93
"2021-07-26",126,1514,742,1640,2382,1,59,33,60,93
"2021-07-27",121,1517,744,1638,2382,1,58,34,59,93
"2021-07-28",120,1511,751,1631,2382,1,66,26,67,93
"2021-07-29",116,1478,788,1594,2382,1,66,26,67,93
"2021-07-30",111,1450,821,1561,2382,1,64,28,65,93
"2021-07-31",109,1429,844,1538,2382,1,60,32,61,93
"2021-08-01",107,1433,842,1540,2382,1,60,32,61,93
"2021-08-02",105,1489,788,1594,2382,1,59,33,60,93
"2021-08-03",107,1509,766,1616,2382,1,66,26,67,93
"2021-08-04",109,1525,748,1634,2382,1,72,20,73,93
"2021-08-05",109,1509,764,1618,2382,1,67,25,68,93
"2021-08-06",110,1478,794,1588,2382,1,61,31,62,93
"2021-08-07",114,1476,792,1590,2382,1,63,29,64,93
"2021-08-08",112,1481,789,1593,2382,1,61,31,62,93
"2021-08-09",107,1518,757,1625,2382,2,56,35,58,93
"2021-08-10",106,1516,760,1622,2382,2,61,30,63,93
"2021-08-11",111,1519,752,1630,2382,2,65,26,67,93
"2021-08-12",110,1467,805,1577,2382,1,65,27,66,93
"2021-08-13",110,1468,804,1578,2382,1,67,25,68,93
"2021-08-14",115,1479,788,1594,2382,1,66,26,67,93
"2021-08-15",118,1478,786,1596,2382,1,61,31,62,93
"2021-08-16",126,1538,718,1664,2382,1,61,31,62,93
"2021-08-17",126,1508,748,1634,2382,1,66,26,67,93
"2021-08-18",129,1501,752,1630,2382,1,72,20,73,93
"2021-08-19",133,1478,771,1611,2382,1,63,29,64,93
"2021-08-20",128,1456,798,1584,2382,1,63,29,64,93
"2021-08-21",139,1439,804,1578,2382,1,58,34,59,93
"2021-08-22",149,1431,802,1580,2382,1,62,30,63,93
"2021-08-23",155,1450,777,1605,2382,1,62,30,63,93
"2021-08-24",160,1517,705,1677,2382,1,71,21,72,93
"2021-08-25",164,1484,734,1648,2382,1,66,26,67,93
"2021-08-26",157,1512,713,1669,2382,1,70,22,71,93
"2021-08-27",160,1496,726,1656,2382,2,61,30,63,93
"2021-08-28",156,1468,758,1624,2382,2,60,31,62,93
"2021-08-29",158,1474,750,1632,2382,2,64,27,66,93
"2021-08-30",156,1472,754,1628,2382,2,64,27,66,93
"2021-08-31",160,1516,706,1676,2382,3,73,17,76,93
"2021-09-01",161,1480,741,1641,2382,1,71,21,72,93
"2021-09-02",168,1487,727,1655,2382,1,69,23,70,93
"2021-09-03",171,1418,793,1589,2382,1,69,23,70,93
"2021-09-04",178,1438,766,1616,2382,1,60,32,61,93
"2021-09-05",186,1440,756,1626,2382,1,60,32,61,93
"2021-09-06",191,1463,728,1654,2382,1,57,35,58,93
"2021-09-07",192,1561,629,1753,2382,2,67,24,69,93
"2021-09-08",184,1552,646,1736,2382,1,67,25,68,93
"2021-09-09",175,1535,672,1710,2382,2,66,25,68,93
"2021-09-10",178,1524,680,1702,2382,2,66,25,68,93
"2021-09-11",182,1516,684,1698,2382,2,61,30,63,93
"2021-09-12",188,1516,678,1704,2382,1,60,32,61,93
"2021-09-13",190,1558,634,1748,2382,2,66,25,68,93
"2021-09-14",186,1551,645,1737,2382,2,72,19,74,93
"2021-09-15",189,1541,652,1730,2382,2,68,23,70,93
"2021-09-16",192,1530,660,1722,2382,2,69,22,71,93
"2021-09-17",184,1495,703,1679,2382,1,64,28,65,93
"2021-09-18",181,1474,727,1655,2382,1,62,30,63,93
"2021-09-19",176,1501,705,1677,2382,1,65,27,66,93
"2021-09-20",178,1522,656,1700,2356,1,75,17,76,93
"2021-09-21",185,1512,659,1697,2356,2,76,15,78,93
"2021-09-22",190,1515,651,1705,2356,3,70,20,73,93
"2021-09-23",190,1501,665,1691,2356,3,77,13,80,93
"2021-09-24",175,1486,695,1661,2356,3,74,16,77,93
"2021-09-25",174,1456,726,1630,2356,3,70,20,73,93
"2021-09-26",182,1449,725,1631,2356,2,65,26,67,93
"2021-09-27",177,1516,663,1693,2356,2,66,25,68,93
"2021-09-28",169,1555,632,1724,2356,2,72,19,74,93
"2021-09-29",168,1560,628,1728,2356,2,68,23,70,93
"2021-09-30",161,1559,636,1720,2356,1,76,16,77,93
"2021-10-01",160,1521,675,1681,2356,1,72,20,73,93
"2021-10-02",161,1518,677,1679,2356,1,73,19,74,93
"2021-10-03",158,1528,670,1686,2356,0,70,23,70,93
"2021-10-04",154,1599,603,1753,2356,0,68,25,68,93
"2021-10-05",155,1626,575,1781,2356,0,73,20,73,93
"2021-10-06",148,1609,599,1757,2356,0,74,19,74,93
"2021-10-07",152,1600,604,1752,2356,1,65,27,66,93
"2021-10-08",152,1597,607,1749,2356,0,63,30,63,93
"2021-10-09",151,1561,644,1712,2356,1,63,29,64,93
"2021-10-10",153,1533,670,1686,2356,2,66,25,68,93
"2021-10-11",147,1551,658,1698,2356,2,70,21,72,93
"2021-10-12",152,1604,600,1756,2356,1,74,18,75,93
"2021-10-13",158,1594,604,1752,2356,0,74,19,74,93
"2021-10-14",163,1615,578,1778,2356,0,65,28,65,93
"2021-10-15",163,1580,613,1743,2356,1,66,26,67,93
"2021-10-16",162,1551,643,1713,2356,2,57,34,59,93
"2021-10-17",166,1582,608,1748,2356,2,54,37,56,93
"2021-10-18",158,1612,573,1770,2343,1,61,31,62,93
"2021-10-19",158,1624,561,1782,2343,1,57,35,58,93
"2021-10-20",160,1599,584,1759,2343,1,64,28,65,93
"2021-10-21",148,1587,608,1735,2343,1,62,30,63,93
"2021-10-22",135,1535,673,1670,2343,1,56,36,57,93
"2021-10-23",136,1514,693,1650,2343,1,61,31,62,93
"2021-10-24",137,1547,659,1684,2343,1,60,32,61,93
"2021-10-25",137,1606,600,1743,2343,1,67,25,68,93
"2021-10-26",133,1637,573,1770,2343,1,61,31,62,93
"2021-10-27",132,1619,592,1751,2343,0,67,26,67,93
"2021-10-28",130,1618,595,1748,2343,0,67,26,67,93
"2021-10-29",132,1580,631,1712,2343,0,61,32,61,93
"2021-10-30",133,1559,651,1692,2343,0,59,34,59,93
"2021-10-31",133,1550,660,1683,2343,0,63,30,63,93
"2021-11-01",136,1583,624,1719,2343,0,69,24,69,93
"2021-11-02",136,1603,604,1739,2343,1,68,24,69,93
"2021-11-03",129,1597,617,1726,2343,1,72,20,73,93
"2021-11-04",129,1585,629,1714,2343,0,73,20,73,93
"2021-11-05",130,1583,630,1713,2343,0,71,22,71,93
"2021-11-06",126,1577,640,1703,2343,0,61,32,61,93
"2021-11-07",127,1550,666,1677,2343,0,62,31,62,93
"2021-11-08",134,1630,579,1764,2343,0,59,34,59,93
"2021-11-09",136,1628,579,1764,2343,0,68,25,68,93
"2021-11-10",132,1607,604,1739,2343,0,60,33,60,93
"2021-11-11",130,1592,621,1722,2343,0,62,31,62,93
"2021-11-12",130,1582,631,1712,2343,1,53,39,54,93
"2021-11-13",132,1560,651,1692,2343,1,56,36,57,93
"2021-11-14",140,1586,617,1726,2343,1,51,41,52,93
"2021-11-15",138,1591,614,1729,2343,1,58,34,59,93
"2021-11-16",131,1601,611,1732,2343,2,67,24,69,93
"2021-11-17",127,1589,627,1716,2343,2,71,20,73,93
"2021-11-18",126,1585,632,1711,2343,2,69,22,71,93
"2021-11-19",131,1580,632,1711,2343,2,66,25,68,93
"2021-11-20",133,1564,646,1697,2343,2,58,33,60,93
"2021-11-21",131,1567,645,1698,2343,2,60,31,62,93
"2021-11-22",133,1610,600,1743,2343,1,62,30,63,93
"2021-11-23",135,1617,591,1752,2343,2,63,28,65,93
"2021-11-24",135,1604,604,1739,2343,2,70,21,72,93
"2021-11-25",138,1602,603,1740,2343,2,65,26,67,93
"2021-11-26",132,1587,624,1719,2343,2,60,31,62,93
"2021-11-27",133,1543,667,1676,2343,2,62,29,64,93
"2021-11-28",146,1567,630,1713,2343,2,58,33,60,93
"2021-11-29",151,1566,626,1717,2343,2,64,27,66,93
"2021-11-30",153,1621,569,1774,2343,2,70,21,72,93
"2021-12-01",153,1588,602,1741,2343,2,72,19,74,93
"2021-12-02",144,1530,669,1674,2343,2,73,18,75,93
"2021-12-03",159,1565,619,1724,2343,1,68,24,69,93
"2021-12-04",163,1528,652,1691,2343,1,71,21,72,93
"2021-12-05",167,1538,638,1705,2343,1,67,25,68,93
"2021-12-06",164,1585,594,1749,2343,1,68,24,69,93
"2021-12-07",154,1606,583,1760,2343,1,71,21,72,93
"2021-12-08",154,1615,574,1769,2343,1,75,17,76,93
"2021-12-09",150,1618,575,1768,2343,1,69,23,70,93
"2021-12-10",144,1566,633,1710,2343,2,69,22,71,93
"2021-12-11",157,1558,628,1715,2343,1,68,24,69,93
"2021-12-12",160,1565,618,1725,2343,1,66,26,67,93
"2021-12-13",162,1572,609,1734,2343,0,72,21,72,93
"2021-12-14",154,1589,600,1743,2343,0,77,16,77,93
"2021-12-15",165,1592,586,1757,2343,0,79,14,79,93
"2021-12-16",157,1581,605,1738,2343,0,80,13,80,93
"2021-12-17",154,1567,622,1721,2343,0,77,16,77,93
"2021-12-18",159,1540,644,1699,2343,0,72,21,72,93
"2021-12-19",164,1535,644,1699,2343,0,78,15,78,93
"2021-12-20",165,1557,621,1722,2343,0,83,10,83,93
"2021-12-21",168,1554,621,1722,2343,0,85,8,85,93
"2021-12-22",168,1523,652,1691,2343,1,76,16,77,93
"2021-12-23",162,1473,708,1635,2343,2,81,10,83,93
"2021-12-24",164,1401,778,1565,2343,3,74,16,77,93
"2021-12-25",166,1375,802,1541,2343,2,68,23,70,93
"2021-12-26",174,1382,787,1556,2343,2,71,20,73,93
"2021-12-27",185,1442,716,1627,2343,2,72,19,74,93
"2021-12-28",187,1415,741,1602,2343,3,66,24,69,93
"2021-12-29",197,1451,695,1648,2343,3,65,25,68,93
"2021-12-30",203,1480,660,1683,2343,2,64,27,66,93
"2021-12-31",211,1472,660,1683,2343,3,62,28,65,93
"2022-01-01",221,1470,652,1691,2343,3,62,28,65,93
"2022-01-02",245,1476,622,1721,2343,3,56,34,59,93
"2022-01-03",263,1452,628,1715,2343,3,59,31,62,93
"2022-01-04",285,1499,559,1784,2343,3,63,27,66,93
"2022-01-05",314,1489,540,1803,2343,5,60,28,65,93
"2022-01-06",333,1460,550,1793,2343,5,60,28,65,93
"2022-01-07",377,1396,570,1773,2343,7,57,29,64,93
"2022-01-08",405,1355,583,1760,2343,6,56,31,62,93
"2022-01-09",429,1336,578,1765,2343,7,53,33,60,93
"2022-01-10",468,1353,522,1821,2343,8,55,30,63,93
"2022-01-11",497,1340,506,1837,2343,7,53,33,60,93
"2022-01-12",489,1337,517,1826,2343,8,57,28,65,93
"2022-01-13",515,1330,498,1845,2343,10,55,28,65,93
"2022-01-14",549,1253,541,1802,2343,7,54,32,61,93
"2022-01-15",570,1239,534,1809,2343,7,49,37,56,93
"2022-01-16",569,1219,555,1788,2343,7,51,35,58,93
"2022-01-17",572,1278,493,1850,2343,6,54,33,60,93
"2022-01-18",580,1284,479,1864,2343,7,48,50,55,105
"2022-01-19",583,1284,476,1867,2343,9,54,42,63,105
"2022-01-20",577,1294,472,1871,2343,10,54,41,64,105
"2022-01-21",591,1291,461,1882,2343,7,53,45,60,105
"2022-01-22",596,1280,467,1876,2343,6,47,52,53,105
"2022-01-23",605,1252,486,1857,2343,8,46,51,54,105
"2022-01-24",615,1275,453,1890,2343,9,48,48,57,105
"2022-01-25",598,1302,443,1900,2343,8,49,48,57,105
"2022-01-26",591,1300,452,1891,2343,7,49,49,56,105
"2022-01-27",598,1297,448,1895,2343,7,50,48,57,105
"2022-01-28",588,1259,496,1847,2343,7,47,51,54,105
"2022-01-29",578,1240,525,1818,2343,6,47,52,53,105
"2022-01-30",572,1242,529,1814,2343,8,42,55,50,105
"2022-01-31",558,1301,484,1859,2343,8,45,52,53,105
"2022-02-01",546,1290,507,1836,2343,8,54,43,62,105
"2022-02-02",533,1287,523,1820,2343,7,49,49,56,105
"2022-02-03",509,1325,509,1834,2343,7,53,45,60,105
"2022-02-04",494,1316,533,1810,2343,6,50,49,56,105
"2022-02-05",480,1346,517,1826,2343,5,50,50,55,105
"2022-02-06",479,1329,535,1808,2343,6,47,52,53,105
"2022-02-07",466,1368,509,1834,2343,7,51,47,58,105
"2022-02-08",444,1352,547,1796,2343,5,53,47,58,105
"2022-02-09",442,1367,534,1809,2343,3,55,47,58,105
"2022-02-10",429,1376,538,1805,2343,6,52,47,58,105
"2022-02-11",407,1385,551,1792,2343,7,48,50,55,105
"2022-02-12",395,1376,572,1771,2343,7,47,51,54,105
"2022-02-13",386,1369,588,1755,2343,8,45,52,53,105
"2022-02-14",376,1401,566,1777,2343,8,52,45,60,105
"2022-02-15",359,1400,584,1759,2343,5,56,44,61,105
"2022-02-16",351,1405,587,1756,2343,5,58,42,63,105
"2022-02-17",345,1389,609,1734,2343,7,58,40,65,105
"2022-02-18",323,1385,635,1708,2343,6,60,39,66,105
"2022-02-19",317,1377,649,1694,2343,7,60,38,67,105
"2022-02-20",313,1375,655,1688,2343,7,55,43,62,105
"2022-02-21",312,1414,617,1726,2343,7,54,44,61,105
"2022-02-22",313,1414,616,1727,2343,6,62,37,68,105
"2022-02-23",298,1430,615,1728,2343,4,59,42,63,105
"2022-02-24",292,1456,595,1748,2343,5,60,40,65,105
"2022-02-25",280,1395,668,1675,2343,4,61,40,65,105
"2022-02-26",277,1377,689,1654,2343,3,60,42,63,105
"2022-02-27",275,1396,672,1671,2343,3,56,46,59,105
"2022-02-28",273,1464,606,1737,2343,4,51,42,55,97
"2022-03-01",266,1460,617,1726,2343,6,91,57,97,154
"2022-03-02",260,1470,613,1730,2343,6,58,41,64,105
"2022-03-03",256,1455,632,1711,2343,5,52,48,57,105
"2022-03-04",246,1437,660,1683,2343,6,57,42,63,105
"2022-03-05",241,1415,687,1656,2343,5,52,48,57,105
"2022-03-06",243,1416,684,1659,2343,5,55,45,60,105
"2022-03-07",241,1470,632,1711,2343,4,59,42,63,105
"2022-03-08",237,1501,605,1738,2343,3,60,42,63,105
"2022-03-09",238,1501,604,1739,2343,5,58,42,63,105
"2022-03-10",233,1503,607,1736,2343,4,59,42,63,105
"2022-03-11",226,1461,656,1687,2343,6,56,43,62,105
"2022-03-12",223,1476,644,1699,2343,5,58,42,63,105
"2022-03-13",223,1468,652,1691,2343,5,55,45,60,105
"2022-03-14",217,1513,613,1730,2343,3,55,47,58,105
"2022-03-15",202,1501,640,1703,2343,2,64,39,66,105
"2022-03-16",197,1457,689,1654,2343,2,60,43,62,105
"2022-03-17",191,1463,689,1654,2343,2,69,34,71,105
"2022-03-18",184,1424,735,1608,2343,1,63,41,64,105
"2022-03-19",179,1426,738,1605,2343,2,64,39,66,105
"2022-03-20",179,1458,706,1637,2343,2,60,43,62,105
"2022-03-21",176,1461,706,1637,2343,3,71,31,74,105
"2022-03-22",172,1497,674,1669,2343,2,68,35,70,105
"2022-03-23",164,1480,699,1644,2343,1,69,35,70,105
"2022-03-24",160,1495,688,1655,2343,1,72,32,73,105
"2022-03-25",155,1500,688,1655,2343,2,74,29,76,105
"2022-03-26",155,1486,702,1641,2343,2,67,36,69,105
"2022-03-27",156,1512,675,1668,2343,2,66,37,68,105
"2022-03-28",163,1535,645,1698,2343,1,67,37,68,105
"2022-03-29",163,1548,632,1711,2343,1,70,34,71,105
"2022-03-30",162,1534,647,1696,2343,3,73,29,76,105
"2022-03-31",164,1529,650,1693,2343,2,79,24,81,105
"2022-04-01",162,1503,678,1665,2343,2,77,26,79,105
"2022-04-02",162,1503,678,1665,2343,3,68,34,71,105
"2022-04-03",163,1523,657,1686,2343,4,61,40,65,105
"2022-04-04",168,1538,637,1706,2343,4,66,35,70,105
"2022-04-05",162,1574,607,1736,2343,5,68,32,73,105
"2022-04-06",155,1552,636,1707,2343,3,67,35,70,105
"2022-04-07",161,1552,630,1713,2343,4,71,30,75,105
"2022-04-08",165,1525,653,1690,2343,2,68,35,70,105
"2022-04-09",170,1518,655,1688,2343,2,68,35,70,105
"2022-04-10",182,1510,651,1692,2343,2,71,32,73,105
"2022-04-11",187,1527,629,1714,2343,3,73,29,76,105
"2022-04-12",181,1538,624,1719,2343,1,75,29,76,105
"2022-04-13",176,1518,649,1694,2343,1,71,33,72,105
"2022-04-14",179,1471,693,1650,2343,3,72,30,75,105
"2022-04-15",183,1464,696,1647,2343,2,68,35,70,105
"2022-04-16",195,1466,682,1661,2343,2,65,38,67,105
"2022-04-17",201,1460,682,1661,2343,1,66,38,67,105
"2022-04-18",205,1482,656,1687,2343,1,65,39,66,105
"2022-04-19",199,1540,604,1739,2343,3,72,30,75,105
"2022-04-20",204,1562,577,1766,2343,2,72,31,74,105
"2022-04-21",211,1548,584,1759,2343,2,79,24,81,105
"2022-04-22",207,1527,609,1734,2343,4,66,35,70,105
"2022-04-23",208,1518,617,1726,2343,4,66,35,70,105
"2022-04-24",215,1502,626,1717,2343,4,65,36,69,105
"2022-04-25",214,1538,591,1752,2343,5,69,31,74,105
"2022-04-26",206,1542,595,1748,2343,5,81,19,86,105
"2022-04-27",197,1538,608,1735,2343,5,72,28,77,105
"2022-04-28",205,1493,645,1698,2343,4,74,27,78,105
"2022-04-29",185,1464,694,1649,2343,3,66,36,69,105
"2022-04-30",184,1471,688,1655,2343,3,71,31,74,105
"2022-05-01",207,1484,652,1691,2343,4,73,28,77,105
"2022-05-02",198,1527,618,1725,2343,4,79,22,83,105
"2022-05-03",197,1543,603,1740,2343,2,76,27,78,105
"2022-05-04",202,1512,629,1714,2343,3,75,27,78,105
"2022-05-05",207,1505,631,1712,2343,3,69,33,72,105
"2022-05-06",202,1502,639,1704,2343,2,67,36,69,105
"2022-05-07",205,1489,649,1694,2343,2,63,40,65,105
"2022-05-08",198,1501,644,1699,2343,2,64,39,66,105
"2022-05-09",185,1530,628,1715,2343,2,66,37,68,105
"2022-05-10",173,1551,619,1724,2343,3,71,31,74,105
"2022-05-11",173,1540,630,1713,2343,2,73,30,75,105
"2022-05-12",166,1544,633,1710,2343,2,70,33,72,105
"2022-05-13",155,1521,667,1676,2343,1,75,29,76,105
"2022-05-14",150,1492,701,1642,2343,1,74,30,75,105
"2022-05-15",158,1512,673,1670,2343,1,75,29,76,105
"2022-05-16",164,1562,617,1726,2343,1,79,25,80,105
"2022-05-17",163,1588,592,1751,2343,0,84,21,84,105
"2022-05-18",167,1599,577,1766,2343,1,73,31,74,105
"2022-05-19",161,1547,635,1708,2343,1,78,26,79,105
"2022-05-20",159,1541,643,1700,2343,0,72,33,72,105
"2022-05-21",150,1537,656,1687,2343,0,73,32,73,105
"2022-05-22",150,1543,650,1693,2343,0,67,38,67,105
"2022-05-23",155,1543,645,1698,2343,0,68,37,68,105
"2022-05-24",159,1601,583,1760,2343,0,78,27,78,105
"2022-05-25",151,1616,576,1767,2343,2,79,24,81,105
"2022-05-26",150,1590,603,1740,2343,3,74,28,77,105
"2022-05-27",141,1507,695,1648,2343,2,75,28,77,105
"2022-05-28",142,1543,658,1685,2343,2,73,30,75,105
"2022-05-29",144,1566,633,1710,2343,2,75,28,77,105
"2022-05-30",137,1598,608,1735,2343,2,83,20,85,105
"2022-05-31",125,1630,588,1755,2343,1,87,17,88,105
"2022-06-01",116,1623,604,1739,2343,1,81,23,82,105
"2022-06-02",115,1604,624,1719,2343,1,83,21,84,105
"2022-06-03",105,1452,786,1557,2343,1,60,44,61,105
"2022-06-04",108,1552,683,1660,2343,2,66,37,68,105
"2022-06-05",114,1556,673,1670,2343,1,60,44,61,105
"2022-06-06",113,1577,653,1690,2343,1,69,35,70,105
"2022-06-07",113,1584,646,1697,2343,1,68,36,69,105
"2022-06-08",116,1567,660,1683,2343,2,75,28,77,105
"2022-06-09",108,1588,647,1696,2343,2,79,24,81,105
"2022-06-10",108,1519,716,1627,2343,2,77,26,79,105
"2022-06-11",109,1520,714,1629,2343,3,65,37,68,105
"2022-06-12",109,1557,677,1666,2343,2,63,40,65,105
"2022-06-13",114,1567,662,1681,2343,2,70,33,72,105
"2022-06-14",113,1577,653,1690,2343,2,69,34,71,105
"2022-06-15",107,1580,656,1687,2343,2,68,35,70,105
"2022-06-16",99,1563,681,1662,2343,2,72,31,74,105
"2022-06-17",92,1570,681,1662,2343,2,72,31,74,105
"2022-06-18",92,1548,703,1640,2343,2,68,35,70,105
"2022-06-19",93,1545,705,1638,2343,2,68,35,70,105
"2022-06-20",87,1596,660,1683,2343,2,71,32,73,105
"2022-06-21",85,1584,674,1669,2343,3,76,26,79,105
"2022-06-22",93,1572,678,1665,2343,3,73,29,76,105
"2022-06-23",92,1559,692,1651,2343,3,69,33,72,105
"2022-06-24",85,1506,752,1591,2343,2,68,35,70,105
"2022-06-25",85,1481,777,1566,2343,2,67,36,69,105
"2022-06-26",87,1491,765,1578,2343,2,63,40,65,105
"2022-06-27",84,1537,722,1621,2343,3,60,42,63,105
"2022-06-28",85,1535,723,1620,2343,3,67,35,70,105
"2022-06-29",92,1519,732,1611,2343,3,70,32,73,105
"2022-06-30",99,1496,748,1595,2343,2,70,33,72,105
"2022-07-01",92,1461,790,1553,2343,2,66,37,68,105
"2022-07-02",95,1451,797,1546,2343,4,63,38,67,105
"2022-07-03",97,1494,752,1591,2343,3,59,43,62,105
"2022-07-04",106,1534,703,1640,2343,1,65,39,66,105
"2022-07-05",107,1559,677,1666,2343,2,64,39,66,105
"2022-07-06",108,1553,682,1661,2343,2,63,40,65,105
"2022-07-07",106,1567,670,1673,2343,2,68,35,70,105
"2022-07-08",95,1544,704,1639,2343,2,70,33,72,105
"2022-07-09",100,1493,750,1593,2343,3,68,34,71,105
"2022-07-10",98,1547,698,1645,2343,3,72,30,75,105
"2022-07-11",101,1577,665,1678,2343,4,71,30,75,105
"2022-07-12",114,1584,645,1698,2343,5,76,24,81,105
"2022-07-13",115,1567,661,1682,2343,3,77,25,80,105
"2022-07-14",118,1544,681,1662,2343,3,73,29,76,105
"2022-07-15",114,1499,730,1613,2343,3,76,26,79,105
"2022-07-16",116,1477,750,1593,2343,3,74,28,77,105
"2022-07-17",126,1471,746,1597,2343,3,70,32,73,105
"2022-07-18",130,1523,690,1653,2343,3,74,28,77,105
"2022-07-19",127,1569,647,1696,2343,3,72,30,75,105
"2022-07-20",123,1547,673,1670,2343,3,76,26,79,105
"2022-07-21",127,1516,700,1643,2343,3,79,23,82,105
"2022-07-22",122,1484,737,1606,2343,3,73,29,76,105
"2022-07-23",123,1479,741,1602,2343,3,74,28,77,105
"2022-07-24",130,1484,729,1614,2343,3,72,30,75,105
"2022-07-25",134,1522,687,1656,2343,2,76,31,78,109
"2022-07-26",141,1546,656,1687,2343,3,77,29,80,109
"2022-07-27",135,1556,652,1691,2343,3,83,23,86,109
"2022-07-28",142,1522,679,1664,2343,3,78,28,81,109
"2022-07-29",145,1483,715,1628,2343,3,82,24,85,109
"2022-07-30",140,1477,726,1617,2343,3,69,37,72,109
"2022-07-31",147,1453,743,1600,2343,3,72,34,75,109
"2022-08-01",151,1495,697,1646,2343,3,73,33,76,109
"2022-08-02",146,1555,642,1701,2343,3,70,36,73,109
"2022-08-03",136,1555,652,1691,2343,3,67,39,70,109
"2022-08-04",137,1506,700,1643,2343,2,63,44,65,109
"2022-08-05",130,1479,734,1609,2343,4,58,47,62,109
"2022-08-06",134,1469,740,1603,2343,4,55,50,59,109
"2022-08-07",136,1457,750,1593,2343,4,60,45,64,109
"2022-08-08",139,1532,672,1671,2343,4,64,41,68,109
"2022-08-09",136,1556,651,1692,2343,5,69,35,74,109
"2022-08-10",137,1577,629,1714,2343,5,63,41,68,109
"2022-08-11",139,1561,643,1700,2343,3,66,40,69,109
"2022-08-12",135,1553,655,1688,2343,4,67,38,71,109
"2022-08-13",140,1512,691,1652,2343,4,62,43,66,109
"2022-08-14",134,1499,710,1633,2343,3,69,37,72,109
"2022-08-15",134,1546,663,1680,2343,3,71,35,74,109
"2022-08-16",131,1578,634,1709,2343,5,65,39,70,109
"2022-08-17",133,1535,675,1668,2343,4,67,38,71,109
"2022-08-18",134,1529,680,1663,2343,4,67,38,71,109
"2022-08-19",135,1499,709,1634,2343,4,67,38,71,109
"2022-08-20",142,1477,724,1619,2343,5,69,35,74,109
"2022-08-21",146,1491,706,1637,2343,5,67,37,72,109
"2022-08-22",139,1530,674,1669,2343,4,66,39,70,109
"2022-08-23",147,1518,678,1665,2343,3,73,33,76,109
"2022-08-24",144,1537,662,1681,2343,2,73,34,75,109
"2022-08-25",136,1506,701,1642,2343,2,65,42,67,109
"2022-08-26",134,1512,697,1646,2343,3,65,41,68,109
"2022-08-27",141,1481,721,1622,2343,3,68,38,71,109
"2022-08-28",143,1507,693,1650,2343,2,65,42,67,109
"2022-08-29",146,1522,675,1668,2343,1,66,42,67,109
"2022-08-30",145,1544,654,1689,2343,1,67,41,68,109
"2022-08-31",134,1528,681,1662,2343,1,69,39,70,109
"2022-09-01",133,1543,667,1676,2343,1,63,45,64,109
"2022-09-02",125,1513,705,1638,2343,2,55,52,57,109
"2022-09-03",133,1479,731,1612,2343,2,59,48,61,109
"2022-09-04",130,1483,730,1613,2343,4,57,48,61,109
"2022-09-05",135,1521,687,1656,2343,5,59,45,64,109
"2022-09-06",135,1583,625,1718,2343,5,65,39,70,109
"2022-09-07",132,1598,613,1730,2343,3,69,37,72,109
"2022-09-08",126,1589,628,1715,2343,2,71,36,73,109
"2022-09-09",121,1558,664,1679,2343,2,70,37,72,109
"2022-09-10",125,1543,675,1668,2343,2,68,39,70,109
"2022-09-11",123,1557,663,1680,2343,4,77,28,81,109
"2022-09-12",117,1592,634,1709,2343,5,80,24,85,109
"2022-09-13",116,1592,635,1708,2343,5,88,16,93,109
"2022-09-14",124,1574,645,1698,2343,5,83,21,88,109
"2022-09-15",131,1561,651,1692,2343,6,78,25,84,109
"2022-09-16",126,1557,660,1683,2343,4,74,31,78,109
"2022-09-17",120,1517,706,1637,2343,5,75,29,80,109
"2022-09-18",128,1584,631,1712,2343,5,77,27,82,109
"2022-09-19",129,1615,599,1744,2343,5,85,19,90,109
"2022-09-20",123,1610,610,1733,2343,3,89,17,92,109
"2022-09-21",127,1606,610,1733,2343,2,86,21,88,109
"2022-09-22",121,1581,633,1702,2335,1,93,15,94,109
"2022-09-23",117,1561,657,1678,2335,1,86,22,87,109
"2022-09-24",121,1528,686,1649,2335,1,89,19,90,109
"2022-09-25",124,1538,673,1662,2335,2,88,19,90,109
"2022-09-26",137,1600,598,1737,2335,1,91,17,92,109
"2022-09-27",126,1600,615,1726,2341,2,90,17,92,109
"2022-09-28",131,1581,629,1712,2341,2,86,21,88,109
"2022-09-29",136,1555,650,1691,2341,2,89,18,91,109
"2022-09-30",136,1543,662,1679,2341,1,83,25,84,109
"2022-10-01",134,1550,657,1684,2341,1,85,23,86,109
"2022-10-02",133,1581,627,1714,2341,2,82,25,84,109
"2022-10-03",134,1623,584,1757,2341,2,81,26,83,109
"2022-10-04",135,1671,535,1806,2341,1,88,20,89,109
"2022-10-05",127,1676,538,1803,2341,4,91,14,95,109
"2022-10-06",123,1626,592,1749,2341,3,85,21,88,109
"2022-10-07",123,1586,632,1709,2341,3,88,18,91,109
"2022-10-08",118,1582,641,1700,2341,2,75,32,77,109
"2022-10-09",117,1581,643,1698,2341,3,73,33,76,109
"2022-10-10",131,1633,577,1764,2341,3,68,38,71,109
"2022-10-11",140,1677,524,1817,2341,3,80,26,83,109
"2022-10-12",140,1684,517,1824,2341,3,79,27,82,109
"2022-10-13",136,1687,518,1823,2341,3,83,23,86,109
"2022-10-14",142,1618,581,1760,2341,3,78,28,81,109
"2022-10-15",144,1582,615,1726,2341,3,74,32,77,109
"2022-10-16",155,1605,581,1760,2341,4,76,29,80,109
"2022-10-17",154,1616,571,1770,2341,3,75,31,78,109
"2022-10-18",151,1623,567,1774,2341,3,78,28,81,109
"2022-10-19",154,1640,547,1794,2341,3,84,22,87,109
"2022-10-20",156,1631,554,1787,2341,3,87,19,90,109
"2022-10-21",161,1594,586,1755,2341,3,82,24,85,109
"2022-10-22",165,1575,601,1740,2341,2,83,24,85,109
"2022-10-23",155,1597,589,1752,2341,2,81,26,83,109
"2022-10-24",156,1613,572,1769,2341,2,84,26,86,112
"2022-10-25",160,1632,549,1792,2341,3,94,15,97,112
"2022-10-26",146,1647,548,1793,2341,1,95,16,96,112
"2022-10-27",133,1641,567,1774,2341,1,94,17,95,112
"2022-10-28",131,1618,592,1749,2341,1,92,19,93,112
"2022-10-29",127,1633,581,1760,2341,2,90,20,92,112
"2022-10-30",130,1614,597,1744,2341,3,86,23,89,112
"2022-10-31",127,1652,562,1779,2341,4,87,21,91,112
"2022-11-01",134,1636,571,1770,2341,4,103,5,107,112
"2022-11-02",136,1689,516,1825,2341,4,98,10,102,112
"2022-11-03",136,1652,553,1788,2341,4,98,10,102,112
"2022-11-04",141,1630,570,1771,2341,4,91,17,95,112
"2022-11-05",140,1605,596,1745,2341,1,89,22,90,112
"2022-11-06",143,1599,599,1742,2341,1,90,21,91,112
"2022-11-07",143,1651,547,1794,2341,1,109,2,110,112
"2022-11-08",138,1646,557,1784,2341,2,109,1,111,112
"2022-11-09",138,1642,561,1780,2341,5,117,-10,122,112
"2022-11-10",137,1594,610,1731,2341,4,113,-5,117,112
"2022-11-11",136,1571,634,1707,2341,3,112,-3,115,112
"2022-11-12",143,1521,677,1664,2341,3,110,-1,113,112
"2022-11-13",134,1533,674,1667,2341,3,106,3,109,112
"2022-11-14",129,1586,626,1715,2341,3,107,2,110,112
"2022-11-15",127,1623,591,1750,2341,3,107,2,110,112
"2022-11-16",117,1664,560,1781,2341,2,112,-2,114,112
"2022-11-17",125,1631,585,1756,2341,1,112,-1,113,112
"2022-11-18",129,1600,612,1729,2341,1,114,-3,115,112
"2022-11-19",127,1594,620,1721,2341,1,117,-6,118,112
"2022-11-20",130,1607,604,1737,2341,0,116,-4,116,112
"2022-11-21",127,1619,595,1746,2341,2,103,7,105,112
"2022-11-22",134,1605,602,1739,2341,4,106,2,110,112
"2022-11-23",129,1631,581,1760,2341,1,109,20,110,130
"2022-11-24",134,1617,590,1751,2341,2,121,7,123,130
"2022-11-25",123,1611,607,1734,2341,2,113,15,115,130
"2022-11-26",126,1575,640,1701,2341,2,114,14,116,130
"2022-11-27",125,1584,632,1709,2341,2,114,14,116,130
"2022-11-28",115,1630,596,1745,2341,2,111,17,113,130
"2022-11-29",118,1640,583,1758,2341,2,120,8,122,130
"2022-11-30",113,1640,588,1753,2341,3,117,10,120,130
"2022-12-01",105,1697,539,1802,2341,4,109,17,113,130
"2022-12-02",114,1650,577,1764,2341,3,109,18,112,130
"2022-12-03",113,1634,594,1747,2341,2,108,20,110,130
"2022-12-04",112,1660,569,1772,2341,3,102,25,105,130
"2022-12-05",110,1685,546,1795,2341,3,108,19,111,130
"2022-12-06",114,1668,559,1782,2341,3,110,17,113,130
"2022-12-07",113,1722,506,1835,2341,2,117,11,119,130
"2022-12-08",113,1683,545,1796,2341,2,118,11,120,131
"2022-12-09",115,1644,582,1759,2341,2,118,11,120,131
"2022-12-10",104,1641,596,1745,2341,2,121,8,123,131
"2022-12-11",105,1640,596,1745,2341,2,118,11,120,131
"2022-12-12",105,1669,567,1774,2341,3,122,6,125,131
"2022-12-13",103,1666,572,1769,2341,2,119,10,121,131
"2022-12-14",105,1643,593,1748,2341,2,115,14,117,131
"2022-12-15",106,1630,605,1736,2341,2,106,23,108,131
"2022-12-16",112,1608,621,1720,2341,2,111,18,113,131
"2022-12-17",111,1598,632,1709,2341,2,110,19,112,131
"2022-12-18",119,1590,632,1709,2341,3,110,18,113,131
"2022-12-19",124,1628,589,1752,2341,1,116,14,117,131
"2022-12-20",119,1608,614,1727,2341,2,111,18,113,131
"2022-12-21",116,1620,605,1736,2341,2,104,25,106,131
"2022-12-22",107,1579,655,1686,2341,2,108,21,110,131
"2022-12-23",102,1529,710,1631,2341,2,120,9,122,131
"2022-12-24",98,1526,717,1624,2341,3,105,23,108,131
"2022-12-25",92,1548,701,1640,2341,4,108,19,112,131
"2022-12-26",103,1543,695,1646,2341,3,106,22,109,131
"2022-12-27",110,1539,692,1649,2341,5,93,33,98,131
"2022-12-28",114,1580,647,1694,2341,5,95,31,100,131
"2022-12-29",124,1577,640,1701,2341,6,97,28,103,131
"2022-12-30",130,1566,645,1696,2341,5,93,33,98,131
"2022-12-31",127,1559,655,1686,2341,4,95,32,99,131
"2023-01-01",126,1572,643,1698,2341,4,79,48,83,131
"2023-01-02",136,1593,612,1729,2341,6,85,40,91,131
"2023-01-03",132,1642,567,1774,2341,6,88,37,94,131
"2023-01-04",133,1661,547,1794,2341,6,91,34,97,131
"2023-01-05",145,1645,551,1790,2341,7,97,27,104,131
"2023-01-06",135,1642,564,1777,2341,8,105,18,113,131
"2023-01-07",135,1629,577,1764,2341,6,99,26,105,131
"2023-01-08",141,1657,543,1798,2341,7,100,24,107,131
"2023-01-09",134,1718,489,1852,2341,7,95,29,102,131
"2023-01-10",123,1716,502,1839,2341,6,89,36,95,131
"2023-01-11",117,1689,535,1806,2341,5,98,28,103,131
"2023-01-12",122,1671,548,1793,2341,5,99,27,104,131
"2023-01-13",116,1693,532,1809,2341,6,86,39,92,131
"2023-01-14",115,1674,552,1789,2341,6,87,38,93,131
"2023-01-15",112,1655,574,1767,2341,6,82,43,88,131
"2023-01-16",109,1689,543,1798,2341,6,84,41,90,131
"2023-01-17",103,1696,542,1799,2341,6,92,33,98,131
"2023-01-18",104,1697,540,1801,2341,5,86,40,91,131
"2023-01-19",100,1669,572,1769,2341,5,83,43,88,131
"2023-01-20",100,1614,627,1714,2341,5,80,46,85,131
"2023-01-21",100,1595,646,1695,2341,4,75,52,79,131
"2023-01-22",99,1618,624,1717,2341,3,85,43,88,131
"2023-01-23",101,1682,558,1783,2341,4,95,32,99,131
"2023-01-24",106,1662,573,1768,2341,4,89,38,93,131
"2023-01-25",100,1657,584,1757,2341,4,93,34,97,131
"2023-01-26",101,1656,584,1757,2341,3,91,37,94,131
"2023-01-27",92,1626,623,1718,2341,4,83,44,87,131
"2023-01-28",96,1611,634,1707,2341,5,79,47,84,131
"2023-01-29",100,1600,641,1700,2341,3,77,51,80,131
"2023-01-30",104,1630,607,1734,2341,2,76,53,78,131
"2023-01-31",101,1634,606,1735,2341,2,90,39,92,131
"2023-02-01",98,1625,618,1723,2341,2,89,40,91,131
"2023-02-02",95,1627,619,1722,2341,2,86,43,88,131
"2023-02-03",85,1640,616,1725,2341,3,82,46,85,131
"2023-02-04",90,1617,634,1707,2341,3,82,46,85,131
"2023-02-05",96,1627,618,1723,2341,3,88,40,91,131
"2023-02-06",92,1655,594,1747,2341,5,81,45,86,131
"2023-02-07",99,1684,558,1783,2341,5,90,36,95,131
"2023-02-08",100,1650,591,1750,2341,2,96,33,98,131
"2023-02-09",99,1637,605,1736,2341,1,92,38,93,131
"2023-02-10",94,1659,588,1753,2341,3,91,37,94,131
"2023-02-11",85,1613,643,1698,2341,2,85,44,87,131
"2023-02-12",93,1616,632,1709,2341,2,86,43,88,131
"2023-02-13",91,1679,571,1770,2341,2,92,37,94,131
"2023-02-14",90,1700,551,1790,2341,2,89,40,91,131
"2023-02-15",95,1699,547,1794,2341,2,81,48,83,131
"2023-02-16",86,1669,586,1755,2341,2,78,51,80,131
"2023-02-17",84,1632,625,1716,2341,2,71,58,73,131
"2023-02-18",89,1577,675,1666,2341,2,78,51,80,131
"2023-02-19",90,1589,662,1679,2341,3,89,39,92,131
"2023-02-20",102,1618,621,1720,2341,3,83,45,86,131
"2023-02-21",101,1674,566,1775,2341,3,94,34,97,131
"2023-02-22",95,1668,578,1763,2341,3,84,44,87,131
"2023-02-23",100,1670,571,1770,2341,3,87,41,90,131
"2023-02-24",97,1600,644,1697,2341,4,75,52,79,131
"2023-02-25",100,1579,662,1679,2341,7,76,48,83,131
"2023-02-26",107,1605,629,1712,2341,7,80,44,87,131
"2023-02-27",108,1623,610,1731,2341,6,85,40,91,131
"2023-02-28",105,1677,559,1782,2341,6,86,39,92,131
"2023-03-01",101,1659,581,1760,2341,7,93,31,100,131
"2023-03-02",105,1634,602,1739,2341,4,100,27,104,131
"2023-03-03",97,1610,634,1707,2341,4,87,40,91,131
"2023-03-04",89,1619,633,1708,2341,3,86,42,89,131
"2023-03-05",89,1599,653,1688,2341,2,86,43,88,131
"2023-03-06",87,1662,592,1749,2341,2,90,39,92,131
"2023-03-07",92,1658,591,1750,2341,2,96,33,98,131
"2023-03-08",101,1632,608,1733,2341,1,94,36,95,131
"2023-03-09",98,1643,600,1741,2341,3,90,38,93,131
"2023-03-10",102,1613,626,1715,2341,3,89,39,92,131
"2023-03-11",93,1618,630,1711,2341,3,86,42,89,131
"2023-03-12",87,1592,662,1679,2341,3,80,48,83,131
"2023-03-13",85,1600,656,1685,2341,3,89,39,92,131
"2023-03-14",76,1622,643,1698,2341,2,87,42,89,131
"2023-03-15",81,1572,688,1653,2341,2,98,31,100,131
"2023-03-16",68,1624,649,1692,2341,3,96,32,99,131
"2023-03-17",68,1583,690,1651,2341,3,96,32,99,131
"2023-03-18",78,1571,692,1649,2341,2,86,43,88,131
"2023-03-19",85,1581,675,1666,2341,2,80,49,82,131
"2023-03-20",89,1600,652,1689,2341,2,91,38,93,131
"2023-03-21",90,1631,620,1721,2341,3,94,34,97,131
"2023-03-22",85,1607,649,1692,2341,3,98,30,101,131
"2023-03-23",87,1629,625,1716,2341,2,91,38,93,131
"2023-03-24",74,1626,641,1700,2341,2,94,35,96,131
"2023-03-25",78,1609,654,1687,2341,2,92,37,94,131
"2023-03-26",74,1606,661,1680,2341,2,89,40,91,131
"2023-03-27",73,1678,590,1751,2341,1,90,40,91,131
"2023-03-28",69,1645,627,1714,2341,2,93,36,95,131
"2023-03-29",67,1628,646,1695,2341,1,97,33,98,131
"2023-03-30",67,1630,644,1697,2341,2,97,32,99,131
"2023-03-31",68,1605,668,1673,2341,2,92,37,94,131
"2023-04-01",65,1584,692,1649,2341,2,94,35,96,131
"2023-04-02",69,1610,662,1679,2341,4,91,36,95,131
"2023-04-03",76,1638,627,1714,2341,4,96,31,100,131
"2023-04-04",75,1642,624,1717,2341,4,90,37,94,131
"2023-04-05",74,1647,620,1721,2341,1,96,34,97,131
"2023-04-06",77,1623,641,1700,2341,1,99,31,100,131
"2023-04-07",74,1593,674,1667,2341,3,95,33,98,131
"2023-04-08",76,1576,689,1652,2341,3,89,39,92,131
"2023-04-09",81,1587,673,1668,2341,3,91,37,94,131
"2023-04-10",79,1608,654,1687,2341,3,94,34,97,131
"2023-04-11",79,1698,564,1777,2341,4,98,29,102,131
"2023-04-12",79,1736,526,1815,2341,3,91,37,94,131
"2023-04-13",79,1696,566,1775,2341,4,90,37,94,131
"2023-04-14",74,1670,597,1744,2341,3,98,30,101,131
"2023-04-15",72,1671,598,1743,2341,3,97,31,100,131
"2023-04-16",69,1678,594,1747,2341,2,91,38,93,131
"2023-04-17",63,1743,535,1806,2341,2,95,34,97,131
"2023-04-18",71,1702,568,1773,2341,2,100,29,102,131
"2023-04-19",68,1697,576,1765,2341,2,95,34,97,131
"2023-04-20",71,1669,601,1740,2341,3,97,31,100,131
"2023-04-21",68,1623,650,1691,2341,4,89,38,93,131
"2023-04-22",69,1617,655,1686,2341,4,92,35,96,131
"2023-04-23",65,1660,616,1725,2341,3,94,34,97,131
"2023-04-24",64,1694,583,1758,2341,3,96,32,99,131
"2023-04-25",66,1677,598,1743,2341,4,101,26,105,131
"2023-04-26",69,1647,625,1716,2341,5,102,24,107,131
"2023-04-27",64,1638,639,1702,2341,4,103,24,107,131
"2023-04-28",66,1617,658,1683,2341,3,108,20,111,131
"2023-04-29",66,1606,669,1672,2341,2,100,29,102,131
"2023-04-30",69,1627,645,1696,2341,2,103,26,105,131
"2023-05-01",65,1659,617,1724,2341,2,101,28,103,131
"2023-05-02",59,1695,587,1754,2341,2,110,19,112,131
"2023-05-03",54,1674,613,1728,2341,3,93,35,96,131
"2023-05-04",56,1669,616,1725,2341,3,95,33,98,131
"2023-05-05",49,1626,666,1675,2341,3,86,42,89,131
"2023-05-06",47,1626,668,1673,2341,3,86,42,89,131
"2023-05-07",50,1630,661,1680,2341,3,91,37,94,131
"2023-05-08",52,1690,599,1742,2341,2,97,32,99,131
"2023-05-09",53,1703,585,1756,2341,3,90,38,93,131
"2023-05-10",51,1674,616,1725,2341,3,101,27,104,131
"2023-05-11",50,1663,628,1713,2341,3,98,30,101,131
"2023-05-12",44,1659,638,1703,2341,3,104,24,107,131
"2023-05-13",46,1624,671,1670,2341,3,99,29,102,131
"2023-05-14",45,1617,679,1662,2341,3,100,28,103,131
"2023-05-15",48,1687,606,1735,2341,3,105,23,108,131
"2023-05-16",47,1713,581,1760,2341,4,110,17,114,131
"2023-05-17",52,1700,589,1752,2341,4,103,24,107,131
"2023-05-18",50,1679,612,1729,2341,3,107,21,110,131
"2023-05-19",44,1603,694,1647,2341,3,99,29,102,131
"2023-05-20",42,1603,696,1645,2341,3,95,33,98,131
"2023-05-21",47,1614,680,1661,2341,3,94,34,97,131
"2023-05-22",46,1628,667,1674,2341,3,92,36,95,131
"2023-05-23",45,1670,626,1715,2341,3,95,33,98,131
"2023-05-24",40,1680,621,1720,2341,3,98,30,101,131
"2023-05-25",38,1679,624,1717,2341,3,94,34,97,131
"2023-05-26",41,1655,645,1696,2341,3,96,32,99,131
"2023-05-27",36,1637,668,1673,2341,3,94,34,97,131
"2023-05-28",39,1692,610,1731,2341,3,90,38,93,131
"2023-05-29",39,1697,605,1736,2341,2,86,43,88,131
"2023-05-30",43,1700,598,1743,2341,2,88,41,90,131
"2023-05-31",44,1706,591,1750,2341,2,82,47,84,131
"2023-06-01",42,1670,629,1712,2341,1,84,46,85,131
"2023-06-02",42,1654,645,1696,2341,1,83,47,84,131
"2023-06-03",43,1642,656,1685,2341,1,77,53,78,131
"2023-06-04",51,1645,645,1696,2341,1,74,56,75,131
"2023-06-05",47,1703,591,1750,2341,1,79,51,80,131
"2023-06-06",47,1684,610,1731,2341,1,80,50,81,131
"2023-06-07",39,1705,597,1744,2341,1,89,41,90,131
"2023-06-08",34,1730,577,1764,2341,1,87,43,88,131
"2023-06-09",33,1694,614,1727,2341,2,88,41,90,131
"2023-06-10",32,1661,648,1693,2341,2,84,45,86,131
"2023-06-11",32,1676,633,1708,2341,2,73,56,75,131
"2023-06-12",37,1704,600,1741,2341,2,82,47,84,131
"2023-06-13",38,1745,558,1783,2341,2,84,45,86,131
"2023-06-14",36,1685,620,1721,2341,2,91,38,93,131
"2023-06-15",39,1660,642,1699,2341,2,91,38,93,131
"2023-06-16",40,1621,680,1661,2341,2,83,46,85,131
"2023-06-17",38,1586,717,1624,2341,2,80,49,82,131
"2023-06-18",40,1585,716,1625,2341,2,83,46,85,131
"2023-06-19",38,1661,642,1699,2341,2,91,38,93,131
"2023-06-20",37,1671,633,1708,2341,2,88,41,90,131
"2023-06-21",38,1653,650,1691,2341,2,94,35,96,131
"2023-06-22",35,1639,667,1674,2341,2,93,36,95,131
"2023-06-23",31,1624,686,1655,2341,2,89,40,91,131
"2023-06-24",29,1604,708,1633,2341,2,87,42,89,131
"2023-06-25",28,1611,702,1639,2341,2,96,33,98,131
"2023-06-26",27,1677,637,1704,2341,1,99,31,100,131
"2023-06-27",27,1675,639,1702,2341,1,101,29,102,131
"2023-06-28",29,1659,653,1688,2341,1,99,31,100,131
"2023-06-29",26,1649,666,1675,2341,1,102,28,103,131
"2023-06-30",24,1624,693,1648,2341,1,100,30,101,131
"2023-07-01",25,1577,739,1602,2341,1,95,35,96,131
"2023-07-02",25,1600,716,1625,2341,1,93,37,94,131
"2023-07-03",28,1644,669,1672,2341,0,92,39,92,131
"2023-07-04",26,1688,627,1714,2341,0,101,30,101,131
"2023-07-05",26,1666,649,1692,2341,0,100,31,100,131
"2023-07-06",24,1638,679,1662,2341,0,96,35,96,131
"2023-07-07",21,1624,696,1645,2341,0,87,44,87,131
"2023-07-08",23,1574,744,1597,2341,0,93,38,93,131
"2023-07-09",21,1583,737,1604,2341,1,83,47,84,131
"2023-07-10",22,1644,675,1666,2341,1,89,41,90,131
"2023-07-11",24,1689,628,1713,2341,1,88,42,89,131
"2023-07-12",23,1670,648,1693,2341,1,90,40,91,131
"2023-07-13",23,1641,677,1664,2341,1,85,45,86,131
"2023-07-14",28,1594,719,1622,2341,1,78,52,79,131
"2023-07-15",27,1588,726,1615,2341,1,77,53,78,131
"2023-07-16",25,1601,715,1626,2341,0,76,55,76,131
"2023-07-17",25,1664,652,1689,2341,1,77,53,78,131
"2023-07-18",24,1673,644,1697,2341,1,82,48,83,131
"2023-07-19",21,1680,640,1701,2341,0,81,50,81,131
"2023-07-20",26,1654,661,1680,2341,0,78,53,78,131
"2023-07-21",24,1642,675,1666,2341,0,84,47,84,131
"2023-07-22",27,1619,695,1646,2341,1,81,49,82,131
"2023-07-23",27,1647,667,1674,2341,1,77,53,78,131
"2023-07-24",23,1713,605,1736,2341,1,80,50,81,131
"2023-07-25",25,1730,586,1755,2341,1,82,48,83,131
"2023-07-26",24,1693,624,1717,2341,1,76,54,77,131
"2023-07-27",24,1697,620,1721,2341,1,81,49,82,131
"2023-07-28",23,1619,699,1642,2341,1,82,48,83,131
"2023-07-29",21,1592,728,1613,2341,1,76,54,77,131
"2023-07-30",20,1635,686,1655,2341,1,72,58,73,131
"2023-07-31",17,1677,647,1694,2341,1,80,50,81,131
"2023-08-01",22,1666,653,1688,2341,1,80,50,81,131
"2023-08-02",15,1658,683,1673,2356,1,90,40,91,131
"2023-08-03",14,1648,694,1662,2356,1,83,47,84,131
"2023-08-04",12,1607,737,1619,2356,0,76,55,76,131
"2023-08-05",12,1614,730,1626,2356,0,69,62,69,131
"2023-08-06",12,1610,734,1622,2356,0,69,62,69,131
"2023-08-07",15,1651,690,1666,2356,0,61,70,61,131
"2023-08-08",16,1694,646,1710,2356,0,68,63,68,131
"2023-08-09",11,1687,658,1698,2356,0,76,55,76,131
"2023-08-10",13,1720,623,1733,2356,1,78,52,79,131
"2023-08-11",15,1678,663,1693,2356,1,73,57,74,131
"2023-08-12",18,1682,656,1700,2356,1,72,58,73,131
"2023-08-13",15,1654,687,1669,2356,1,69,61,70,131
"2023-08-14",17,1721,618,1738,2356,1,73,57,74,131
"2023-08-15",17,1745,594,1762,2356,0,73,58,73,131
"2023-08-16",16,1737,605,1753,2358,0,78,53,78,131
"2023-08-17",19,1690,649,1709,2358,0,74,57,74,131
"2023-08-18",21,1668,669,1689,2358,0,72,59,72,131
"2023-08-19",20,1640,698,1660,2358,0,68,63,68,131
"2023-08-20",18,1607,733,1625,2358,0,70,61,70,131
"2023-08-21",18,1650,690,1668,2358,0,71,60,71,131
"2023-08-22",17,1694,647,1711,2358,0,77,54,77,131
"2023-08-23",23,1673,662,1696,2358,0,74,57,74,131
"2023-08-24",21,1630,707,1651,2358,0,73,58,73,131
"2023-08-25",18,1605,735,1623,2358,0,69,62,69,131
"2023-08-26",18,1581,759,1599,2358,0,64,67,64,131
"2023-08-27",18,1600,740,1618,2358,0,62,69,62,131
"2023-08-28",17,1614,727,1631,2358,1,75,55,76,131
"2023-08-29",20,1631,707,1651,2358,2,69,60,71,131
"2023-08-30",19,1668,671,1687,2358,1,71,59,72,131
"2023-08-31",22,1642,694,1664,2358,0,75,56,75,131
"2023-09-01",25,1572,761,1597,2358,1,75,55,76,131
"2023-09-02",28,1577,753,1605,2358,1,67,63,68,131
"2023-09-03",29,1594,735,1623,2358,1,69,61,70,131
"2023-09-04",32,1656,670,1688,2358,1,68,62,69,131
"2023-09-05",31,1719,608,1750,2358,0,74,57,74,131
"2023-09-06",31,1740,587,1771,2358,0,71,60,71,131
"2023-09-07",33,1717,608,1750,2358,0,73,58,73,131
"2023-09-08",31,1660,667,1691,2358,0,70,61,70,131
"2023-09-09",17,543,1798,560,2358,0,29,102,29,131
"2023-09-10",40,1728,590,1768,2358,0,71,60,71,131
"2023-09-11",43,1819,496,1862,2358,1,76,54,77,131
"2023-09-12",41,1843,474,1884,2358,1,76,54,77,131
"2023-09-13",44,1814,500,1858,2358,1,70,60,71,131
"2023-09-14",35,1754,569,1789,2358,2,71,58,73,131
"2023-09-15",34,1751,573,1785,2358,2,64,65,66,131
"2023-09-16",33,1728,597,1761,2358,1,63,67,64,131
"2023-09-17",37,1724,597,1761,2358,1,68,62,69,131
"2023-09-18",34,1762,562,1796,2358,1,73,57,74,131
"2023-09-19",38,1778,542,1816,2358,0,75,56,75,131
"2023-09-20",41,1763,554,1804,2358,0,81,50,81,131
"2023-09-21",45,1791,522,1836,2358,0,81,50,81,131
"2023-09-22",45,1697,679,1742,2421,2,84,45,86,131
"2023-09-23",52,1661,708,1713,2421,2,81,48,83,131
"2023-09-24",54,1685,682,1739,2421,2,79,50,81,131
"2023-09-25",58,1720,643,1778,2421,4,77,50,81,131
"2023-09-26",57,1726,638,1783,2421,4,77,50,81,131
"2023-09-27",50,1741,630,1791,2421,3,82,46,85,131
"2023-09-28",46,1700,675,1746,2421,3,81,47,84,131
"2023-09-29",37,1701,683,1738,2421,1,79,51,80,131
"2023-09-30",36,1675,710,1711,2421,0,72,59,72,131
"2023-10-01",32,1640,749,1672,2421,0,73,58,73,131
"2023-10-02",45,1657,719,1702,2421,0,75,56,75,131
"2023-10-03",43,1681,697,1724,2421,0,72,59,72,131
"2023-10-04",52,1682,687,1734,2421,0,77,54,77,131
"2023-10-05",62,1647,712,1709,2421,0,71,60,71,131
"2023-10-06",65,1581,775,1646,2421,0,68,63,68,131
"2023-10-07",64,1555,802,1619,2421,1,64,66,65,131
"2023-10-08",73,1581,767,1654,2421,1,65,65,66,131
"2023-10-09",72,1640,709,1712,2421,0,66,65,66,131
"2023-10-10",75,1697,649,1772,2421,0,73,58,73,131
"2023-10-11",70,1680,671,1750,2421,0,83,48,83,131
"2023-10-12",62,1685,674,1747,2421,1,78,52,79,131
"2023-10-13",62,1665,694,1727,2421,1,77,53,78,131
"2023-10-14",61,1660,700,1721,2421,1,77,53,78,131
"2023-10-15",58,1687,676,1745,2421,1,74,56,75,131
"2023-10-16",58,1703,660,1761,2421,1,81,49,82,131
"2023-10-17",57,1704,660,1761,2421,1,87,43,88,131
"2023-10-18",54,1696,671,1750,2421,1,78,52,79,131
"2023-10-19",58,1702,661,1760,2421,0,81,50,81,131
"2023-10-20",102,2768,-449,2870,2421,1,185,-55,186,131
"2023-10-21",66,1712,643,1778,2421,0,85,46,85,131
"2023-10-22",73,1713,635,1786,2421,0,84,47,84,131
"2023-10-23",68,1754,599,1822,2421,0,90,41,90,131
"2023-10-24",65,1685,572,1750,2322,0,96,35,96,131
"2023-10-25",62,1703,565,1765,2330,0,100,31,100,131
"2023-10-26",62,1692,576,1754,2330,2,96,33,98,131
"2023-10-27",53,1691,586,1744,2330,1,95,35,96,131
"2023-10-28",53,1637,640,1690,2330,1,96,34,97,131
"2023-10-29",53,1656,621,1709,2330,0,91,40,91,131
"2023-10-30",58,1685,587,1743,2330,0,87,44,87,131
"2023-10-31",56,1682,592,1738,2330,1,89,41,90,131
"2023-11-01",57,1692,581,1749,2330,0,88,43,88,131
"2023-11-02",61,1684,585,1745,2330,0,84,47,84,131
"2023-11-03",57,1668,605,1725,2330,0,83,48,83,131
"2023-11-04",58,1624,648,1682,2330,0,77,54,77,131
"2023-11-05",63,1646,621,1709,2330,0,83,48,83,131
"2023-11-06",67,1695,568,1762,2330,0,84,47,84,131
"2023-11-07",76,1696,558,1772,2330,1,91,39,92,131
"2023-11-08",79,1670,581,1749,2330,2,94,35,96,131
"2023-11-09",82,1672,576,1754,2330,2,104,25,106,131
"2023-11-10",75,1646,609,1721,2330,2,105,24,107,131
"2023-11-11",76,1603,674,1679,2353,2,93,36,95,131
"2023-11-12",80,1598,652,1678,2330,1,84,46,85,131
"2023-11-13",79,1637,614,1716,2330,0,85,46,85,131
"2023-11-14",83,1654,593,1737,2330,1,87,43,88,131
"2023-11-15",83,1675,572,1758,2330,1,96,34,97,131
"2023-11-16",82,1684,564,1766,2330,2,92,37,94,131
"2023-11-17",90,1656,584,1746,2330,2,94,35,96,131
"2023-11-18",89,1638,603,1727,2330,2,92,37,94,131
"2023-11-19",95,1628,607,1723,2330,2,96,33,98,131
"2023-11-20",100,1642,588,1742,2330,6,99,26,105,131
"2023-11-21",98,1661,571,1759,2330,5,101,25,106,131
"2023-11-22",93,1665,572,1758,2330,4,104,23,108,131
"2023-11-23",90,1662,578,1752,2330,4,103,24,107,131
"2023-11-24",86,1643,601,1729,2330,3,102,26,105,131
"2023-11-25",90,1584,656,1674,2330,3,99,29,102,131
"2023-11-26",90,1595,645,1685,2330,2,101,28,103,131
"2023-11-27",95,1668,567,1763,2330,6,100,25,106,131
"2023-11-28",106,1677,547,1783,2330,6,96,29,102,131
"2023-11-29",110,1684,536,1794,2330,3,92,36,95,131
"2023-11-30",111,1662,557,1773,2330,2,92,37,94,131
"2023-12-01",112,1633,585,1745,2330,1,91,39,92,131
"2023-12-02",119,1619,592,1738,2330,1,92,38,93,131
"2023-12-03",118,1628,584,1746,2330,2,87,42,89,131
"2023-12-04",110,1693,527,1803,2330,3,98,30,101,131
"2023-12-05",108,1716,506,1824,2330,2,105,24,107,131
"2023-12-06",97,1730,503,1827,2330,2,107,22,109,131
"2023-12-07",104,1709,517,1813,2330,2,102,27,104,131
"2023-12-08",107,1720,559,1827,2386,3,105,23,108,131
"2023-12-09",104,1703,551,1807,2358,4,99,28,103,131
"2023-12-10",105,1676,549,1781,2330,7,102,34,109,143
"2023-12-11",103,1769,471,1872,2343,7,93,31,100,131
"2023-12-12",105,1749,476,1854,2330,7,100,24,107,131
"2023-12-13",113,1732,489,1845,2334,6,95,30,101,131
"2023-12-14",109,1736,489,1845,2334,3,100,28,103,131
"2023-12-15",113,1654,567,1767,2334,5,88,38,93,131
"2023-12-16",113,1639,582,1752,2334,4,97,30,101,131
"2023-12-17",107,1657,570,1764,2334,4,88,39,92,131
"2023-12-18",108,1695,531,1803,2334,4,96,31,100,131
"2023-12-19",106,1727,501,1833,2334,2,99,30,101,131
"2023-12-20",108,1724,502,1832,2334,2,93,36,95,131
"2023-12-21",96,1692,546,1788,2334,0,95,36,95,131
"2023-12-22",101,1671,562,1772,2334,0,85,46,85,131
"2023-12-23",113,1572,649,1685,2334,0,77,54,77,131
"2023-12-24",115,1528,691,1643,2334,0,74,57,74,131
"2023-12-25",121,1564,649,1685,2334,2,72,57,74,131
"2023-12-26",116,1634,584,1750,2334,1,77,53,78,131
"2023-12-27",120,1668,546,1788,2334,2,87,42,89,131
"2023-12-28",116,1675,543,1791,2334,1,88,42,89,131
"2023-12-29",114,1647,573,1761,2334,2,85,44,87,131
"2023-12-30",119,1639,576,1758,2334,2,81,48,83,131
"2023-12-31",120,1630,584,1750,2334,3,74,54,77,131
"2024-01-01",127,1662,545,1789,2334,1,79,51,80,131
"2024-01-02",119,1688,527,1807,2334,1,85,45,86,131
"2024-01-03",106,1728,500,1834,2334,1,86,44,87,131
"2024-01-04",100,1744,490,1844,2334,2,86,43,88,131
"2024-01-05",104,1708,522,1812,2334,2,89,40,91,131
"2024-01-06",93,1686,555,1779,2334,2,82,47,84,131
"2024-01-07",98,1697,539,1795,2334,3,79,49,82,131
"2024-01-08",109,1754,471,1863,2334,3,85,43,88,131
"2024-01-09",105,1776,453,1881,2334,3,87,41,90,131
"2024-01-10",105,1756,473,1861,2334,3,88,40,91,131
"2024-01-11",99,1782,453,1881,2334,4,89,38,93,131
"2024-01-12",99,1731,504,1830,2334,3,83,45,86,131
"2024-01-13",105,1668,561,1773,2334,2,75,54,77,131
"2024-01-14",115,1674,545,1789,2334,2,75,54,77,131
"2024-01-15",117,1759,458,1876,2334,2,73,56,75,131
"2024-01-16",118,1756,460,1874,2334,3,78,50,81,131
"2024-01-17",114,1751,469,1865,2334,3,79,49,82,131
"2024-01-18",108,1750,476,1858,2334,3,78,50,81,131
"2024-01-19",104,1701,529,1805,2334,4,78,49,82,131
"2024-01-20",98,1728,508,1826,2334,3,82,46,85,131
"2024-01-21",102,1722,510,1824,2334,3,76,52,79,131
"2024-01-22",106,1758,470,1864,2334,1,80,50,81,131
"2024-01-23",90,1765,479,1855,2334,2,79,50,81,131
"2024-01-24",77,1782,475,1859,2334,4,78,49,82,131
"2024-01-25",78,1714,542,1792,2334,4,77,50,81,131
"2024-01-26",73,1695,566,1768,2334,4,75,52,79,131
"2024-01-27",77,1641,616,1718,2334,3,74,54,77,131
"2024-01-28",83,1699,552,1782,2334,2,73,56,75,131
"2024-01-29",91,1724,519,1815,2334,2,74,55,76,131
"2024-01-30",94,1750,490,1844,2334,2,82,47,84,131
"2024-01-31",81,1746,507,1827,2334,2,78,51,80,131
"2024-02-01",73,1777,484,1850,2334,2,82,47,84,131
"2024-02-02",80,1745,509,1825,2334,2,80,49,82,131
"2024-02-03",80,1760,494,1840,2334,2,75,54,77,131
"2024-02-04",89,1747,498,1836,2334,2,77,52,79,131
"2024-02-05",81,1793,460,1874,2334,1,78,52,79,131
"2024-02-06",80,1803,451,1883,2334,3,84,44,87,131
"2024-02-07",76,1768,490,1844,2334,0,73,58,73,131
"2024-02-08",80,1746,508,1826,2334,2,79,50,81,131
"2024-02-09",76,1706,552,1782,2334,3,78,50,81,131
"2024-02-10",72,1718,544,1790,2334,3,77,51,80,131
"2024-02-11",67,1752,515,1819,2334,3,76,52,79,131
"2024-02-12",65,1743,526,1808,2334,3,77,51,80,131
"2024-02-13",58,1783,493,1841,2334,3,81,47,84,131
"2024-02-14",66,1753,515,1819,2334,5,80,46,85,131
"2024-02-15",70,1728,547,1798,2345,4,81,46,85,131
"2024-02-16",65,1706,574,1771,2345,4,79,48,83,131
"2024-02-17",68,1687,590,1755,2345,3,75,53,78,131
"2024-02-18",71,1695,579,1766,2345,2,76,53,78,131
"2024-02-19",72,1689,584,1761,2345,2,75,54,77,131
"2024-02-20",77,1719,549,1796,2345,2,79,50,81,131
"2024-02-21",71,1711,563,1782,2345,2,84,45,86,131
"2024-02-22",66,1703,576,1769,2345,2,83,46,85,131
"2024-02-23",64,1669,612,1733,2345,0,82,49,82,131
"2024-02-24",60,1656,629,1716,2345,0,80,51,80,131
"2024-02-25",63,1679,603,1742,2345,0,73,58,73,131
"2024-02-26",63,1708,574,1771,2345,0,77,54,77,131
"2024-02-27",62,1729,554,1791,2345,0,90,41,90,131
"2024-02-28",57,1742,546,1799,2345,0,92,39,92,131
"2024-02-29",57,1733,555,1790,2345,2,84,45,86,131
"2024-03-01",55,1715,575,1770,2345,1,82,48,83,131
"2024-03-02",53,1647,645,1700,2345,0,82,49,82,131
"2024-03-03",55,1698,592,1753,2345,1,84,46,85,131
"2024-03-04",57,1703,585,1760,2345,1,91,39,92,131
"2024-03-05",55,1701,589,1756,2345,1,90,40,91,131
"2024-03-06",54,1700,591,1754,2345,1,85,45,86,131
"2024-03-07",54,1679,612,1733,2345,1,87,43,88,131
"2024-03-08",51,1649,645,1700,2345,1,88,42,89,131
"2024-03-09",51,1643,651,1694,2345,1,86,44,87,131
"2024-03-10",49,1680,616,1729,2345,0,82,49,82,131
"2024-03-11",43,1706,596,1749,2345,0,79,52,79,131
"2024-03-12",45,1694,606,1739,2345,0,77,54,77,131
"2024-03-13",47,1733,565,1780,2345,0,83,48,83,131
"2024-03-14",44,1667,634,1711,2345,0,84,47,84,131
"2024-03-15",41,1639,665,1680,2345,0,87,44,87,131
"2024-03-16",47,1661,637,1708,2345,0,84,47,84,131
"2024-03-17",47,1677,621,1724,2345,0,79,52,79,131
"2024-03-18",44,1733,568,1777,2345,0,84,47,84,131
"2024-03-19",43,1715,587,1758,2345,0,91,40,91,131
"2024-03-20",37,1726,582,1763,2345,0,94,37,94,131
"2024-03-21",33,1702,610,1735,2345,0,102,29,102,131
"2024-03-22",37,1674,634,1711,2345,0,92,39,92,131
"2024-03-23",38,1646,661,1684,2345,0,90,41,90,131
"2024-03-24",36,1631,678,1667,2345,0,83,48,83,131
"2024-03-25",34,1719,592,1753,2345,0,83,48,83,131
"2024-03-26",32,1730,583,1762,2345,1,88,42,89,131
"2024-03-27",36,1720,595,1756,2351,1,93,37,94,131
"2024-03-28",34,1706,626,1740,2366,2,91,38,93,131
"2024-03-29",38,1680,648,1718,2366,2,86,43,88,131
"2024-03-30",36,1659,671,1695,2366,2,81,48,83,131
"2024-03-31",34,1706,626,1740,2366,1,77,53,78,131
"2024-04-01",35,1752,579,1787,2366,1,81,49,82,131
"2024-04-02",34,1812,520,1846,2366,0,78,53,78,131
"2024-04-03",39,1826,501,1865,2366,0,80,51,80,131
"2024-04-04",39,1787,540,1826,2366,0,83,48,83,131
"2024-04-05",38,1734,594,1772,2366,0,82,49,82,131
"2024-04-06",36,1702,628,1738,2366,0,76,55,76,131
"2024-04-07",39,1716,611,1755,2366,0,76,55,76,131
"2024-04-08",36,1773,557,1809,2366,0,79,52,79,131
"2024-04-09",36,1779,551,1815,2366,0,85,46,85,131
"2024-04-10",41,1775,550,1816,2366,0,86,45,86,131
"2024-04-11",40,1761,565,1801,2366,1,91,39,92,131
"2024-04-12",36,1703,627,1739,2366,1,92,38,93,131
"2024-04-13",36,1716,614,1752,2366,1,86,44,87,131
"2024-04-14",35,1777,554,1812,2366,1,76,54,77,131
"2024-04-15",31,1793,542,1824,2366,0,74,57,74,131
"2024-04-16",33,1809,524,1842,2366,0,79,52,79,131
"2024-04-17",30,1763,573,1793,2366,0,86,45,86,131
"2024-04-18",30,1769,567,1799,2366,0,83,48,83,131
"2024-04-19",33,1705,628,1738,2366,0,79,52,79,131
"2024-04-20",32,1698,636,1730,2366,0,80,51,80,131
"2024-04-21",34,1717,615,1751,2366,0,83,48,83,131
"2024-04-22",33,1756,577,1789,2366,0,83,48,83,131
"2024-04-23",34,1765,567,1799,2366,0,84,47,84,131
"2024-04-24",34,1771,561,1805,2366,0,77,54,77,131
"2024-04-25",32,1760,574,1792,2366,0,81,50,81,131
"2024-04-26",35,1716,615,1751,2366,0,87,44,87,131
"2024-04-27",35,1671,660,1706,2366,0,84,47,84,131
"2024-04-28",35,1711,620,1746,2366,0,82,49,82,131
"2024-04-29",33,1770,563,1803,2366,0,86,45,86,131
"2024-04-30",31,1747,588,1778,2366,0,83,48,83,131
"2024-05-01",30,1756,580,1786,2366,0,93,38,93,131
"2024-05-02",32,1710,624,1742,2366,0,86,45,86,131
"2024-05-03",33,1650,683,1683,2366,0,83,48,83,131
"2024-05-04",33,1660,673,1693,2366,0,76,55,76,131
"2024-05-05",28,1701,637,1729,2366,0,80,51,80,131
"2024-05-06",28,1760,578,1788,2366,1,82,50,83,133
"2024-05-07",28,1752,586,1780,2366,1,89,43,90,133
"2024-05-08",27,1776,563,1803,2366,1,86,46,87,133
"2024-05-09",29,1748,589,1777,2366,1,82,50,83,133
"2024-05-10",25,1697,644,1722,2366,1,78,54,79,133
"2024-05-11",24,1679,663,1703,2366,1,69,63,70,133
"2024-05-12",27,1685,654,1712,2366,1,76,56,77,133
"2024-05-13",32,1762,572,1794,2366,0,79,54,79,133
"2024-05-14",29,1760,577,1789,2366,0,81,52,81,133
"2024-05-15",35,1758,573,1793,2366,0,78,55,78,133
"2024-05-16",32,1747,587,1779,2366,1,81,51,82,133
"2024-05-17",31,1680,655,1711,2366,2,73,58,75,133
"2024-05-18",33,1647,686,1680,2366,1,64,68,65,133
"2024-05-19",38,1640,688,1678,2366,1,64,68,65,133
"2024-05-20",38,1699,629,1737,2366,0,63,70,63,133
"2024-05-21",37,1743,586,1780,2366,0,65,68,65,133
"2024-05-22",35,1733,598,1768,2366,0,84,49,84,133
"2024-05-23",30,1746,590,1776,2366,0,93,40,93,133
"2024-05-24",33,1693,640,1726,2366,0,90,43,90,133
"2024-05-25",29,1667,670,1696,2366,0,79,54,79,133
"2024-05-26",28,1680,658,1708,2366,0,76,57,76,133
"2024-05-27",27,1718,621,1745,2366,0,74,59,74,133
"2024-05-28",28,1710,628,1738,2366,1,75,57,76,133
"2024-05-29",22,1730,614,1752,2366,1,77,55,78,133
"2024-05-30",27,1711,628,1738,2366,2,79,52,81,133
"2024-05-31",28,1668,670,1696,2366,0,81,52,81,133
"2024-06-01",31,1626,709,1657,2366,0,76,57,76,133
"2024-06-02",28,1671,667,1699,2366,0,77,56,77,133
"2024-06-03",27,1745,594,1772,2366,0,74,59,74,133
"2024-06-04",26,1743,597,1769,2366,1,82,50,83,133
"2024-06-05",29,1754,583,1783,2366,1,87,45,88,133
"2024-06-06",33,1736,597,1769,2366,2,84,47,86,133
"2024-06-07",41,1714,611,1755,2366,2,92,39,94,133
"2024-06-08",43,1672,651,1715,2366,2,85,46,87,133
"2024-06-09",40,1689,637,1729,2366,1,85,47,86,133
"2024-06-10",39,1725,602,1764,2366,1,84,48,85,133
"2024-06-11",35,1738,593,1773,2366,1,96,36,97,133
"2024-06-12",36,1708,622,1744,2366,1,87,45,88,133
"2024-06-13",39,1717,610,1756,2366,1,85,47,86,133
"2024-06-14",32,1699,635,1731,2366,0,81,52,81,133
"2024-06-15",33,1656,677,1689,2366,0,83,50,83,133
"2024-06-16",32,1677,657,1709,2366,0,78,55,78,133
"2024-06-17",34,1723,609,1757,2366,0,89,44,89,133
"2024-06-18",34,1755,577,1789,2366,0,93,40,93,133
"2024-06-19",35,1760,571,1795,2366,0,89,44,89,133
"2024-06-20",32,1752,582,1784,2366,0,86,47,86,133
"2024-06-21",32,1714,620,1746,2366,0,77,56,77,133
"2024-06-22",31,1680,655,1711,2366,0,74,59,74,133
"2024-06-23",34,1686,646,1720,2366,0,77,56,77,133
"2024-06-24",33,1762,571,1795,2366,0,82,51,82,133
"2024-06-25",29,1766,571,1795,2366,0,79,54,79,133
"2024-06-26",28,1771,567,1799,2366,0,77,56,77,133
"2024-06-27",31,1743,592,1774,2366,0,77,56,77,133
"2024-06-28",33,1706,627,1739,2366,0,68,65,68,133
"2024-06-29",28,1655,683,1683,2366,0,64,69,64,133
"2024-06-30",29,1685,652,1714,2366,0,65,68,65,133
"2024-07-01",28,1687,651,1715,2366,0,62,71,62,133
"2024-07-02",26,1743,597,1769,2366,0,63,70,63,133
"2024-07-03",26,1758,582,1784,2366,0,79,54,79,133
"2024-07-04",29,1753,584,1782,2366,0,73,60,73,133
"2024-07-05",28,1725,613,1753,2366,0,68,65,68,133
"2024-07-06",28,1678,660,1706,2366,0,67,66,67,133
"2024-07-07",31,1691,644,1722,2366,0,66,67,66,133
"2024-07-08",34,1735,597,1769,2366,1,75,57,76,133
"2024-07-09",37,1713,616,1750,2366,1,73,59,74,133
"2024-07-10",34,1713,619,1747,2366,1,77,55,78,133
"2024-07-11",35,1718,613,1753,2366,0,77,56,77,133
"2024-07-12",36,1687,643,1723,2366,0,82,51,82,133
"2024-07-13",38,1640,688,1678,2366,0,81,52,81,133
"2024-07-14",41,1656,669,1697,2366,0,74,59,74,133
"2024-07-15",45,1699,622,1744,2366,0,73,60,73,133
"2024-07-16",43,1727,596,1770,2366,1,71,61,72,133
"2024-07-17",47,1703,616,1750,2366,0,73,60,73,133
"2024-07-18",49,1696,621,1745,2366,0,73,60,73,133
"2024-07-19",45,1667,654,1712,2366,0,75,58,75,133
"2024-07-20",40,1600,726,1640,2366,0,79,54,79,133
"2024-07-21",40,1630,696,1670,2366,0,77,56,77,133
"2024-07-22",34,1678,654,1712,2366,0,76,57,76,133
"2024-07-23",36,1692,638,1728,2366,0,77,56,77,133
"2024-07-24",34,1668,664,1702,2366,0,81,52,81,133
"2024-07-25",29,1639,698,1668,2366,1,76,56,77,133
"2024-07-26",27,1602,737,1629,2366,0,76,57,76,133
"2024-07-27",30,1593,743,1623,2366,0,73,60,73,133
"2024-07-28",29,1630,707,1659,2366,0,65,68,65,133
"2024-07-29",32,1673,661,1705,2366,0,68,65,68,133
"2024-07-30",28,1697,641,1725,2366,0,82,51,82,133
"2024-07-31",25,1706,635,1731,2366,0,82,51,82,133
"2024-08-01",21,1668,677,1689,2366,0,80,53,80,133
"2024-08-02",22,1664,680,1686,2366,0,81,52,81,133
"2024-08-03",25,1590,751,1615,2366,0,75,58,75,133
"2024-08-04",25,1640,701,1665,2366,0,65,68,65,133
"2024-08-05",25,1672,669,1697,2366,0,69,64,69,133
"2024-08-06",29,1740,597,1769,2366,0,75,58,75,133
"2024-08-07",34,1720,612,1754,2366,0,80,53,80,133
"2024-08-08",38,1680,648,1718,2366,1,67,65,68,133
"2024-08-09",33,1636,697,1669,2366,1,63,69,64,133
"2024-08-10",35,1629,702,1664,2366,1,64,68,65,133
"2024-08-11",31,1656,679,1687,2366,1,66,66,67,133
"2024-08-12",29,1692,645,1721,2366,1,75,57,76,133
"2024-08-13",28,1744,594,1772,2366,1,77,55,78,133
"2024-08-14",25,1730,611,1755,2366,1,76,56,77,133
"2024-08-15",24,1693,649,1717,2366,0,75,58,75,133
"2024-08-16",33,1662,671,1695,2366,2,74,57,76,133
"2024-08-17",36,1635,695,1671,2366,2,69,62,71,133
"2024-08-18",39,1640,687,1679,2366,2,73,58,75,133
"2024-08-19",42,1705,619,1747,2366,3,80,50,83,133
"2024-08-20",34,1730,602,1764,2366,2,85,46,87,133
"2024-08-21",38,1722,606,1760,2366,1,89,43,90,133
"2024-08-22",40,1700,626,1740,2366,1,84,48,85,133
"2024-08-23",41,1628,697,1669,2366,1,90,42,91,133
"2024-08-24",42,1622,702,1664,2366,1,86,46,87,133
"2024-08-25",43,1659,664,1702,2366,1,84,48,85,133
"2024-08-26",45,1728,593,1773,2366,1,86,46,87,133
"2024-08-27",42,1696,628,1738,2366,2,87,44,89,133
"2024-08-28",42,1696,628,1738,2366,1,84,48,85,133
"2024-08-29",39,1680,647,1719,2366,1,85,47,86,133
"2024-08-30",41,1654,671,1695,2366,1,85,47,86,133
"2024-08-31",44,1625,697,1669,2366,1,83,49,84,133
"2024-09-01",43,1643,680,1686,2366,1,85,47,86,133
"2024-09-02",43,1673,650,1716,2366,1,82,50,83,133
"2024-09-03",37,1732,597,1769,2366,1,86,46,87,133
"2024-09-04",36,1728,602,1764,2366,1,87,45,88,133
"2024-09-05",36,1730,600,1766,2366,1,92,40,93,133
"2024-09-06",41,1720,605,1761,2366,1,83,49,84,133
"2024-09-07",36,1688,642,1724,2366,1,85,47,86,133
"2024-09-08",39,1695,632,1734,2366,1,79,53,80,133
"2024-09-09",43,1754,569,1797,2366,1,87,45,88,133
"2024-09-10",43,1743,580,1786,2366,2,93,38,95,133
"2024-09-11",46,1729,591,1775,2366,2,90,41,92,133
"2024-09-12",46,1756,564,1802,2366,0,97,36,97,133
"2024-09-13",44,1720,602,1764,2366,0,91,42,91,133
"2024-09-14",44,1698,624,1742,2366,0,89,44,89,133
"2024-09-15",42,1705,619,1747,2366,0,93,40,93,133
"2024-09-16",43,1772,551,1815,2366,1,94,38,95,133
"2024-09-17",47,1754,565,1801,2366,1,96,36,97,133
"2024-09-18",42,1757,567,1799,2366,1,89,43,90,133
"2024-09-19",41,1749,576,1790,2366,1,90,42,91,133
"2024-09-20",37,1714,615,1751,2366,1,87,45,88,133
"2024-09-21",37,1694,635,1731,2366,2,87,44,89,133
"2024-09-22",44,1703,619,1747,2366,1,85,47,86,133
"2024-09-23",48,1727,591,1775,2366,2,91,40,93,133
"2024-09-24",48,1729,589,1777,2366,2,96,35,98,133
"2024-09-25",48,1739,579,1787,2366,1,91,41,92,133
"2024-09-26",49,1726,591,1775,2366,1,98,34,99,133
"2024-09-27",55,1700,611,1755,2366,1,86,46,87,133
"2024-09-28",53,1686,627,1739,2366,1,82,50,83,133
"2024-09-29",55,1706,605,1761,2366,0,81,52,81,133
"2024-09-30",56,1738,572,1794,2366,0,86,47,86,133
"2024-10-01",54,1753,559,1807,2366,0,92,41,92,133
"2024-10-02",55,1750,561,1805,2366,0,88,45,88,133
"2024-10-03",52,1722,592,1774,2366,0,87,46,87,133
"2024-10-04",52,1687,627,1739,2366,1,83,49,84,133
"2024-10-05",51,1663,652,1714,2366,0,81,52,81,133
"2024-10-06",52,1688,626,1740,2366,0,76,57,76,133
"2024-10-07",55,1741,570,1796,2366,0,95,38,95,133
"2024-10-08",52,1772,542,1824,2366,1,92,40,93,133
"2024-10-09",54,1754,558,1808,2366,0,91,42,91,133
"2024-10-10",63,1712,591,1775,2366,0,93,40,93,133
"2024-10-11",53,1667,646,1720,2366,0,85,48,85,133
"2024-10-12",53,1646,667,1699,2366,0,85,48,85,133
"2024-10-13",46,1663,657,1709,2366,0,82,51,82,133
"2024-10-14",48,1722,596,1770,2366,0,88,45,88,133
"2024-10-15",46,1745,575,1791,2366,0,90,43,90,133
"2024-10-16",46,1774,546,1820,2366,0,88,45,88,133
"2024-10-17",41,1780,545,1821,2366,0,82,51,82,133
"2024-10-18",39,1709,618,1748,2366,1,77,55,78,133
"2024-10-19",42,1685,639,1727,2366,1,82,50,83,133
"2024-10-20",40,1782,544,1822,2366,1,81,51,82,133
"2024-10-21",36,1826,504,1862,2366,1,78,54,79,133
"2024-10-22",47,1813,506,1860,2366,1,84,48,85,133
"2024-10-23",56,1819,491,1875,2366,0,82,51,82,133
"2024-10-24",49,1806,511,1855,2366,0,88,45,88,133
"2024-10-25",49,1756,561,1805,2366,0,89,44,89,133
"2024-10-26",51,1727,588,1778,2366,0,88,45,88,133
"2024-10-27",61,1743,562,1804,2366,0,83,50,83,133
"2024-10-28",63,1773,530,1836,2366,0,85,48,85,133
"2024-10-29",60,1800,506,1860,2366,0,89,44,89,133
"2024-10-30",57,1774,535,1831,2366,0,95,38,95,133
"2024-10-31",53,1793,520,1846,2366,0,92,41,92,133
"2024-11-01",49,1767,550,1816,2366,0,86,47,86,133
"2024-11-02",49,1703,614,1752,2366,1,82,50,83,133
"2024-11-03",48,1731,587,1779,2366,1,83,49,84,133
"2024-11-04",45,1801,520,1846,2366,1,87,45,88,133
"2024-11-05",44,1818,504,1862,2366,1,86,46,87,133
"2024-11-06",44,1807,515,1851,2366,1,84,48,85,133
"2024-11-07",43,1812,511,1855,2366,2,92,39,94,133
"2024-11-08",49,1748,569,1797,2366,1,87,45,88,133
"2024-11-09",56,1778,532,1834,2366,1,93,39,94,133
"2024-11-10",51,1801,514,1852,2366,1,88,44,89,133
"2024-11-11",53,1772,541,1825,2366,1,102,30,103,133
"2024-11-12",58,1804,504,1862,2366,0,98,35,98,133
"2024-11-13",53,1801,512,1854,2366,0,99,34,99,133
"2024-11-14",44,1822,500,1866,2366,0,100,33,100,133
"2024-11-15",44,1789,533,1833,2366,0,96,37,96,133
"2024-11-16",46,1739,581,1785,2366,0,85,48,85,133
"2024-11-17",47,1721,598,1768,2366,0,81,52,81,133
"2024-11-18",44,1803,519,1847,2366,0,90,43,90,133
"2024-11-19",45,1795,526,1840,2366,0,96,37,96,133
"2024-11-20",44,1795,527,1839,2366,0,95,38,95,133
